map_id,player,team,agent,kills,deaths,assists,acs,adr,hs_percent,kd_ratio,source
660369_0,artzinFUR,,KAY/O,241311,1275,1174,334313364.0,0.0,0.0,189.2635294117647,vlr
660369_0,alymFUR,,Harbor,22139,1064,1055,254270233.0,0.0,0.0,20.80733082706767,vlr
660369_0,eeiuFUR,,Sova,1156,1385,422,133117155.0,0.0,0.0,0.8346570397111913,vlr
660369_0,koalanoobFUR,,Jett,1266,15105,413,179150220.0,0.0,0.0,0.0838133068520357,vlr
660369_0,nerveFUR,,Viper,835,1275,202,10778146.0,0.0,0.0,0.6549019607843137,vlr
660369_0,SatoLEV,team_b,Omen,1679,1578,844,217215219.0,0.0,0.0,1.0640050697084915,vlr
660369_0,NeonLEV,team_b,Jett,14410,1486,101,170102223.0,0.0,0.0,9.697173620457605,vlr
660369_0,kiNggLEV,team_b,Harbor,1046,1679,624,150156146.0,0.0,0.0,0.6229898749255509,vlr
660369_0,spikeLEV,team_b,Neon,15510,1789,422,200180215.0,0.0,0.0,8.669647847959753,vlr
660369_0,blowzLEV,team_b,Sova,743,1578,624,129143119.0,0.0,0.0,0.4708491761723701,vlr
660369_2,artzinFUR,,Vyse,16214,1257,514,256107331.0,0.0,0.0,12.898965791567225,vlr
660369_2,eeiuFUR,,Fade,1028,1468,202,14597170.0,0.0,0.0,0.7002724795640327,vlr
660369_2,koalanoobFUR,,Omen,752,15510,624,14728380.0,0.0,0.0,0.0484848484848484,vlr
660369_2,alymFUR,,Neon,1156,17611,110,156230120.0,0.0,0.0,0.0656407926863891,vlr
660369_2,nerveFUR,,Viper,101,18612,413,595363.0,0.0,0.0,0.0054266064904362,vlr
660369_2,kiNggLEV,team_b,Viper,24168,963,615,360343394.0,0.0,0.0,25.09657320872274,vlr
660369_2,blowzLEV,team_b,Fade,1293,853,12102,215248152.0,0.0,0.0,1.5158264947245017,vlr
660369_2,NeonLEV,team_b,Omen,1257,541,871,157125224.0,0.0,0.0,2.3234750462107208,vlr
660369_2,SatoLEV,team_b,Phoenix,1477,1174,743,228176332.0,0.0,0.0,1.25809199318569,vlr
660369_2,spikeLEV,team_b,Neon,14113,1293,422,209251127.0,0.0,0.0,10.91492652745553,vlr
660369_3,nerveFUR,,Astra,862,13112,541,183173248.0,0.0,0.0,0.0657413056741915,vlr
660369_3,artzinFUR,,Killjoy,1082,13112,220,193192206.0,0.0,0.0,0.0825198291641244,vlr
660369_3,koalanoobFUR,,Phoenix,532,14122,220,9773245.0,0.0,0.0,0.0376717178869848,vlr
660369_3,alymFUR,,Neon,330,14122,862,131133120.0,0.0,0.0,0.0233677949298966,vlr
660369_3,eeiuFUR,,Fade,440,14122,101,9810084.0,0.0,0.0,0.0311570599065288,vlr
660369_3,kiNggLEV,team_b,Astra,20614,303,514,384830310.0,0.0,0.0,68.03300330033004,vlr
660369_3,NeonLEV,team_b,Chamber,17215,514,523,314225330.0,0.0,0.0,33.492217898832685,vlr
660369_3,SatoLEV,team_b,Phoenix,14212,725,808,254214261.0,0.0,0.0,19.602758620689656,vlr
660369_3,blowzLEV,team_b,Sova,808,413,202,1230144.0,0.0,0.0,1.9564164648910407,vlr
660369_3,spikeLEV,team_b,Neon,909,1129,606,22730260.0,0.0,0.0,0.8051372896368467,vlr
660370_0,leafG2,,Phoenix,19613,1019,13310,329310337.0,0.0,0.0,19.24730127576055,vlr
660370_0,jawgemoG2,,Neon,18810,725,606,275355242.0,0.0,0.0,25.94482758620689,vlr
660370_0,BABYBAYG2,,Vyse,18414,716,202,278192315.0,0.0,0.0,25.717877094972067,vlr
660370_0,trentG2,,Fade,835,918,1147,175197166.0,0.0,0.0,0.90958605664488,vlr
660370_0,valynG2,,Astra,14410,936,211,193185197.0,0.0,0.0,15.395299145299145,vlr
660370_0,Cryocells100T,team_b,Chamber,981,1495,110,18222582.0,0.0,0.0,0.6561872909698997,vlr
660370_0,Timotino100T,team_b,Neon,14104,17125,211,232228243.0,0.0,0.0,0.8235912408759124,vlr
660370_0,vora100T,team_b,Fade,972,1495,431,139146126.0,0.0,0.0,0.6501672240802676,vlr
660370_0,bang100T,team_b,Astra,651,15105,871,11614550.0,0.0,0.0,0.043098311817279,vlr
660370_0,Asuna100T,team_b,Phoenix,440,17125,541,9611845.0,0.0,0.0,0.0256934306569343,vlr
660370_2,valynG2,,Omen,221012,1266,514,295357254.0,0.0,0.0,174.5750394944708,vlr
660370_2,trentG2,,Fade,1477,936,633,188236157.0,0.0,0.0,1.577991452991453,vlr
660370_2,BABYBAYG2,,Vyse,18315,1367,541,233105319.0,0.0,0.0,13.397951719092903,vlr
660370_2,jawgemoG2,,Raze,1569,1468,413,211197221.0,0.0,0.0,1.068801089918256,vlr
660370_2,leafG2,,Viper,1358,1679,505,192173206.0,0.0,0.0,0.8088147706968434,vlr
660370_2,vora100T,team_b,Fade,1459,1596,541,186104310.0,0.0,0.0,0.9141604010025064,vlr
660370_2,bang100T,team_b,Omen,1293,16106,844,170218100.0,0.0,0.0,0.0802806407549981,vlr
660370_2,Asuna100T,team_b,Raze,1578,19127,633,261218327.0,0.0,0.0,0.0825011763475715,vlr
660370_2,Timotino100T,team_b,Neon,1165,16106,541,154140175.0,0.0,0.0,0.0723332919408916,vlr
660370_2,Cryocells100T,team_b,Cypher,1293,16106,0,15621175.0,0.0,0.0,0.0802806407549981,vlr
660371_0,texMIBR,,Vyse,1468,16610,624,189156219.0,0.0,0.0,0.0883804936785069,vlr
660371_0,zekkenMIBR,,Neon,19109,18711,101,227246210.0,0.0,0.0,1.021270910159799,vlr
660371_0,MazinoMIBR,,Astra,1477,17710,972,186203171.0,0.0,0.0,0.083399209486166,vlr
660371_0,aspasMIBR,,Raze,1046,17710,321,150139161.0,0.0,0.0,0.0590626764539808,vlr
660371_0,VernoMIBR,,Fade,1174,18711,761,137174104.0,0.0,0.0,0.0627438405216183,vlr
660371_0,kiNggLEV,team_b,Viper,19811,1266,321,215183251.0,0.0,0.0,15.648499210110584,vlr
660371_0,spikeLEV,team_b,Neon,21156,1679,963,280355199.0,0.0,0.0,12.600357355568793,vlr
660371_0,SatoLEV,team_b,Phoenix,22139,18108,413,252268235.0,0.0,0.0,1.2226087916942787,vlr
660371_0,NeonLEV,team_b,Omen,16106,1468,633,192225157.0,0.0,0.0,10.971389645776568,vlr
660371_0,blowzLEV,team_b,Fade,862,853,321,9311868.0,0.0,0.0,1.010550996483001,vlr
660371_2,aspasMIBR,,Jett,19145,761,202,260252278.0,0.0,0.0,25.157687253613663,vlr
660371_2,VernoMIBR,,Skye,1165,651,523,180142273.0,0.0,0.0,1.7895545314900154,vlr
660371_2,texMIBR,,Cypher,15105,1091,844,242242244.0,0.0,0.0,13.845096241979835,vlr
660371_2,MazinoMIBR,,Brimstone,1275,972,20137,203168287.0,0.0,0.0,1.3117283950617284,vlr
660371_2,zekkenMIBR,,Neon,16124,1174,0,246280167.0,0.0,0.0,13.734241908006814,vlr
660371_2,NeonLEV,team_b,Brimstone,16214,1257,523,275160323.0,0.0,0.0,12.898965791567225,vlr
660371_2,spikeLEV,team_b,Neon,734,15510,303,131183110.0,0.0,0.0,0.0473243068987749,vlr
660371_2,kiNggLEV,team_b,Breach,725,15411,514,121110126.0,0.0,0.0,0.0470443189929271,vlr
660371_3,MazinoMIBR,,Omen,1358,15510,514,169141188.0,0.0,0.0,0.0875564152159896,vlr
660371_3,VernoMIBR,,Sage,1248,1569,532,173169177.0,0.0,0.0,0.7954110898661568,vlr
660371_3,zekkenMIBR,,Sova,1037,1468,220,144107170.0,0.0,0.0,0.7064032697547684,vlr
660371_3,aspasMIBR,,Jett,1248,1688,303,169145187.0,0.0,0.0,0.7393364928909952,vlr
660371_3,texMIBR,,Vyse,523,16610,817,10597110.0,0.0,0.0,0.0314870559903672,vlr
660371_3,spikeLEV,team_b,Neon,231211,1495,431,311291343.0,0.0,0.0,154.6561872909699,vlr
660371_3,SatoLEV,team_b,Phoenix,1569,1275,1257,244150387.0,0.0,0.0,1.2305882352941175,vlr
660371_3,blowzLEV,team_b,Sova,1284,972,1284,206236163.0,0.0,0.0,1.3209876543209875,vlr
660371_3,kiNggLEV,team_b,Omen,13103,752,945,148171115.0,0.0,0.0,17.424202127659573,vlr
660371_3,NeonLEV,team_b,Chamber,1394,1064,211,193212166.0,0.0,0.0,1.3101503759398496,vlr
660372_0,LessKRÜ,,Viper,271512,16610,0,286334238.0,0.0,0.0,16.346297411198073,vlr
660372_0,saadhakKRÜ,,Omen,1789,18810,844,213191236.0,0.0,0.0,0.0951089845826688,vlr
660372_0,mwzeraKRÜ,,Fade,1156,16610,1138,149129169.0,0.0,0.0,0.0695966285370258,vlr
660372_0,Dantedeu5KRÜ,,Neon,1587,19910,312,178186171.0,0.0,0.0,0.0797086891009543,vlr
660372_0,silentzzKRÜ,,Vyse,1266,1789,202,127130126.0,0.0,0.0,0.7076579094466182,vlr
660372_0,trentG2,team_b,Fade,19118,1679,853,205202209.0,0.0,0.0,11.386539606908874,vlr
660372_0,valynG2,team_b,Omen,17161,1789,835,20034160.0,0.0,0.0,9.592509782001118,vlr
660372_0,jawgemoG2,team_b,Raze,19415,19109,321,236120353.0,0.0,0.0,1.0160133968287195,vlr
660372_0,BABYBAYG2,team_b,Vyse,1376,1486,743,176198156.0,0.0,0.0,0.9259757738896366,vlr
660372_0,leafG2,team_b,Viper,18117,1679,312,196242151.0,0.0,0.0,10.790351399642644,vlr
660372_2,mwzeraKRÜ,,Sova,20128,1477,862,269245306.0,0.0,0.0,13.62762356127285,vlr
660372_2,LessKRÜ,,Viper,18144,17107,541,261324167.0,0.0,0.0,1.0606184602794178,vlr
660372_2,saadhakKRÜ,,Harbor,1046,1697,651,13194187.0,0.0,0.0,0.6163818503241013,vlr
660372_2,Dantedeu5KRÜ,,Neon,1073,18108,532,149166124.0,0.0,0.0,0.0592555776452396,vlr
660372_2,silentzzKRÜ,,KAY/O,981,18117,945,12818053.0,0.0,0.0,0.0541480377545951,vlr
660372_2,trentG2,team_b,Sova,1899,13310,1459,278302262.0,0.0,0.0,0.1426746806912096,vlr
660372_2,BABYBAYG2,team_b,Vyse,1688,1239,725,217255192.0,0.0,0.0,1.3623890234059726,vlr
660372_2,valynG2,team_b,Harbor,17710,1358,945,201210196.0,0.0,0.0,13.041237113402062,vlr
660372_2,jawgemoG2,team_b,Neon,17710,16610,541,248253245.0,0.0,0.0,1.0662251655629138,vlr
660372_2,leafG2,team_b,Astra,15510,1358,431,168156177.0,0.0,0.0,11.42120765832106,vlr
660373_0,NeonLEV,,Chamber,211011,615,422,274297260.0,0.0,0.0,343.10731707317075,vlr
660373_0,spikeLEV,,Neon,251015,1367,624,346327359.0,0.0,0.0,183.62472567666424,vlr
660373_0,blowzLEV,,Sova,1174,1046,1138,152213112.0,0.0,0.0,1.1223709369024857,vlr
660373_0,kiNggLEV,,Omen,1165,936,725,140188109.0,0.0,0.0,1.2446581196581197,vlr
660373_0,SatoLEV,,Phoenix,15510,1477,1248,212171240.0,0.0,0.0,10.50101557210562,vlr
660373_0,trentG2,team_b,Sova,1248,1587,541,178103292.0,0.0,0.0,0.7863894139886578,vlr
660373_0,valynG2,team_b,Astra,15114,18108,550,214259147.0,0.0,0.0,0.8346587143803844,vlr
660373_0,BABYBAYG2,team_b,Vyse,963,1798,642,134149114.0,0.0,0.0,0.53559510567297,vlr
660373_0,leafG2,team_b,Phoenix,844,1697,752,153124196.0,0.0,0.0,0.497348261638185,vlr
660373_0,jawgemoG2,team_b,Yoru,862,1798,101,12515088.0,0.0,0.0,0.4794215795328142,vlr
660373_2,blowzLEV,,Sova,19127,1789,431,244277205.0,0.0,0.0,10.691447736165456,vlr
660373_2,spikeLEV,,Neon,14104,1697,523,193237142.0,0.0,0.0,8.311137301119622,vlr
660373_2,NeonLEV,,Chamber,1349,17107,202,17579290.0,0.0,0.0,0.0788566084059157,vlr
660373_2,SatoLEV,,Phoenix,1275,1798,413,167186146.0,0.0,0.0,0.7091212458286985,vlr
660373_2,kiNggLEV,,Astra,945,1367,312,11895147.0,0.0,0.0,0.6912948061448427,vlr
660373_2,BABYBAYG2,team_b,Vyse,19118,1147,844,237288195.0,0.0,0.0,16.667829119442022,vlr
660373_2,valynG2,team_b,Astra,16511,1064,1073,196148236.0,0.0,0.0,15.517857142857142,vlr
660373_2,trentG2,team_b,Fade,1239,1248,532,16287226.0,0.0,0.0,0.9927884615384616,vlr
660373_2,jawgemoG2,team_b,Neon,19127,1789,422,233359129.0,0.0,0.0,10.691447736165456,vlr
660373_2,leafG2,team_b,Phoenix,1477,1789,1477,196187204.0,0.0,0.0,0.8256008943543879,vlr
660373_3,SatoLEV,,Phoenix,211110,1192,651,323270431.0,0.0,0.0,177.10570469798657,vlr
660373_3,kiNggLEV,,Viper,1495,972,523,211199237.0,0.0,0.0,1.5380658436213992,vlr
660373_3,NeonLEV,,Omen,17125,972,752,245260217.0,0.0,0.0,17.618312757201647,vlr
660373_3,blowzLEV,,Fade,1174,972,853,145142154.0,0.0,0.0,1.2078189300411524,vlr
660373_3,spikeLEV,,Neon,1266,1183,853,188159247.0,0.0,0.0,1.0701606086221471,vlr
660373_3,leafG2,team_b,Viper,14311,1468,321,210192219.0,0.0,0.0,9.748637602179835,vlr
660373_3,trentG2,team_b,Fade,826,1468,1248,168149179.0,0.0,0.0,0.5626702997275205,vlr
660373_3,BABYBAYG2,team_b,Vyse,808,1468,523,15549209.0,0.0,0.0,0.5504087193460491,vlr
660373_3,valynG2,team_b,Astra,862,16610,1028,14627284.0,0.0,0.0,0.0518964479229379,vlr
660373_3,jawgemoG2,team_b,Raze,11011,17611,101,1929285.0,0.0,0.0,0.6252342286071205,vlr
660375_0,nerveFUR,,Omen,1284,1495,642,212201239.0,0.0,0.0,0.8588628762541806,vlr
660375_0,alymFUR,,Neon,963,1495,321,170168179.0,0.0,0.0,0.6441471571906354,vlr
660375_0,eeiuFUR,,Fade,541,1495,440,11112482.0,0.0,0.0,0.3618729096989966,vlr
660375_0,koalanoobFUR,,Raze,871,16115,321,15718691.0,0.0,0.0,0.0540490226497052,vlr
660375_0,artzinFUR,,Vyse,211,14104,321,564194.0,0.0,0.0,0.0149602949517867,vlr
660375_0,brawkNRG,team_b,Vyse,20911,826,918,337474281.0,0.0,0.0,25.31598062953995,vlr
660375_0,EthanNRG,team_b,Fade,1248,413,514,178202169.0,0.0,0.0,3.0217917675544794,vlr
660375_0,madaNRG,team_b,Neon,15312,927,844,241157277.0,0.0,0.0,16.51779935275081,vlr
660375_0,skubaNRG,team_b,Viper,1468,835,826,236330197.0,0.0,0.0,1.7580838323353294,vlr
660375_0,keikoNRG,team_b,Omen,1129,725,826,16287194.0,0.0,0.0,1.5572413793103448,vlr
660375_2,eeiuFUR,,Sova,21912,1587,615,289289290.0,0.0,0.0,13.80718336483932,vlr
660375_2,artzinFUR,,Cypher,20317,1688,514,26498389.0,0.0,0.0,12.036137440758294,vlr
660375_2,koalanoobFUR,,Jett,1138,1486,312,156143167.0,0.0,0.0,0.765814266487214,vlr
660375_2,nerveFUR,,Omen,945,1679,1129,136161118.0,0.0,0.0,0.5628350208457416,vlr
660375_2,alymFUR,,Phoenix,1037,1688,716,157122184.0,0.0,0.0,0.6143364928909952,vlr
660375_2,brawkNRG,team_b,Sova,18135,1183,1174,268308215.0,0.0,0.0,15.32967032967033,vlr
660375_2,keikoNRG,team_b,Phoenix,20416,15114,1587,304166488.0,0.0,0.0,1.3508005822416302,vlr
660375_2,madaNRG,team_b,Neon,19109,14104,101,218179270.0,0.0,0.0,1.3548638684061258,vlr
660375_2,EthanNRG,team_b,Omen,1064,1596,1257,149161133.0,0.0,0.0,0.6666666666666666,vlr
660375_2,skubaNRG,team_b,Cypher,1055,16115,220,122121125.0,0.0,0.0,0.0654669562519391,vlr
660376_0,bang100T,,Harbor,22166,752,1091,286323213.0,0.0,0.0,29.47606382978724,vlr
660376_0,Cryocells100T,,Cypher,14113,963,752,214250144.0,0.0,0.0,14.655244029075805,vlr
660376_0,Asuna100T,,Phoenix,1394,963,541,198207181.0,0.0,0.0,1.4475597092419523,vlr
660376_0,Timotino100T,,Neon,16106,1174,422,248205333.0,0.0,0.0,13.718909710391824,vlr
660376_0,vora100T,,Sova,1284,1073,660,196199192.0,0.0,0.0,1.1966449207828518,vlr
660376_0,erdeLOUD,team_b,Astra,1257,15510,404,205260178.0,0.0,0.0,0.0810444874274661,vlr
660376_0,cauanzinLOUD,team_b,Sova,936,14410,514,165112193.0,0.0,0.0,0.0649548924358084,vlr
660376_0,VirtyyLOUD,team_b,Jett,12012,16511,202,18514271.0,0.0,0.0,0.7275149900066622,vlr
660376_0,DarkerLOUD,team_b,KAY/O,844,15411,918,137184114.0,0.0,0.0,0.0547660761793524,vlr
660376_0,lukxoLOUD,team_b,Harbor,532,17512,725,9811789.0,0.0,0.0,0.0303791685701233,vlr
660376_2,Timotino100T,,Raze,221210,826,211,342591239.0,0.0,0.0,267.8087167070218,vlr
660376_2,Cryocells100T,,Viper,12111,615,945,18685229.0,0.0,0.0,19.692682926829267,vlr
660376_2,bang100T,,Omen,15510,1028,1156,248286232.0,0.0,0.0,15.087548638132295,vlr
660376_2,Asuna100T,,Sage,1239,826,642,207193213.0,0.0,0.0,1.5,vlr
660376_2,vora100T,,Skye,945,615,422,133181114.0,0.0,0.0,1.5365853658536586,vlr
660376_2,erdeLOUD,team_b,Omen,981,1495,321,15318088.0,0.0,0.0,0.6561872909698997,vlr
660376_2,VirtyyLOUD,team_b,Neon,1082,1385,0,149162122.0,0.0,0.0,0.7812274368231047,vlr
660376_2,cauanzinLOUD,team_b,Skye,541,1275,431,10410993.0,0.0,0.0,0.4243137254901961,vlr
660376_2,DarkerLOUD,team_b,Raze,761,15105,110,12915959.0,0.0,0.0,0.0503806686527639,vlr
660376_2,lukxoLOUD,team_b,Viper,743,16115,110,138117189.0,0.0,0.0,0.0461061123177164,vlr
660377_0,saadhakKRÜ,,Harbor,1679,1495,422,213171270.0,0.0,0.0,1.123076923076923,vlr
660377_0,mwzeraKRÜ,,Sova,1183,1284,220,14120261.0,0.0,0.0,0.9213395638629284,vlr
660377_0,Dantedeu5KRÜ,,Neon,1055,15114,220,138132146.0,0.0,0.0,0.0698028318115654,vlr
660377_0,silentzzKRÜ,,KAY/O,1257,17116,532,159120212.0,0.0,0.0,0.0734400560878709,vlr
660377_0,LessKRÜ,,Viper,954,16106,321,131134128.0,0.0,0.0,0.0592325841301378,vlr
660377_0,brawkNRG,team_b,Sova,17512,1046,927,227138295.0,0.0,0.0,16.74187380497132,vlr
660377_0,keikoNRG,team_b,Jett,20614,1165,220,245211272.0,0.0,0.0,17.69442060085837,vlr
660377_0,madaNRG,team_b,Harbor,19712,1477,936,251233265.0,0.0,0.0,13.345971563981042,vlr
660377_0,EthanNRG,team_b,KAY/O,1028,1266,12210,15286202.0,0.0,0.0,0.8120063191153238,vlr
660377_0,skubaNRG,team_b,Viper,853,1156,624,126160101.0,0.0,0.0,0.7378892733564014,vlr
660377_2,LessKRÜ,,Cypher,1495,12102,752,261250287.0,0.0,0.0,0.1235333002809453,vlr
660377_2,saadhakKRÜ,,Omen,1239,13112,523,16774394.0,0.0,0.0,0.0944935936546674,vlr
660377_2,silentzzKRÜ,,Phoenix,1082,15114,660,16920878.0,0.0,0.0,0.0715892549953685,vlr
660377_2,mwzeraKRÜ,,Fade,1064,16115,101,182166222.0,0.0,0.0,0.0660254421346571,vlr
660377_2,Dantedeu5KRÜ,,Neon,642,14113,532,128121146.0,0.0,0.0,0.0454899737830369,vlr
660377_2,brawkNRG,team_b,Sova,15411,844,707,224164250.0,0.0,0.0,18.259478672985782,vlr
660377_2,EthanNRG,team_b,Omen,13310,1147,14212,234200249.0,0.0,0.0,11.60418482999128,vlr
660377_2,keikoNRG,team_b,Phoenix,17512,1147,817,284279288.0,0.0,0.0,15.267654751525718,vlr
660377_2,skubaNRG,team_b,Cypher,14311,1055,606,202173215.0,0.0,0.0,13.564928909952606,vlr
660377_2,madaNRG,team_b,Neon,11110,1257,606,16460208.0,0.0,0.0,8.838504375497216,vlr
660378_0,aspasMIBR,,Jett,19136,1679,422,226308145.0,0.0,0.0,11.397260273972602,vlr
660378_0,VernoMIBR,,Skye,1578,1798,844,173173174.0,0.0,0.0,0.8776418242491657,vlr
660378_0,zekkenMIBR,,Neon,17710,1798,514,197154242.0,0.0,0.0,9.849833147942158,vlr
660378_0,MazinoMIBR,,Brimstone,1349,1798,743,176114239.0,0.0,0.0,0.7502780867630701,vlr
660378_0,texMIBR,,Cypher,1284,18810,413,154165144.0,0.0,0.0,0.0682615629984051,vlr
660378_0,Asuna100T,team_b,Raze,291910,16610,532,331381283.0,0.0,0.0,17.574352799518362,vlr
660378_0,Timotino100T,team_b,Neon,221111,1477,734,241253230.0,0.0,0.0,149.70277589708869,vlr
660378_0,bang100T,team_b,Brimstone,19910,1477,1679,218197241.0,0.0,0.0,13.480027081922817,vlr
660378_0,vora100T,team_b,Fade,835,1477,633,12194149.0,0.0,0.0,0.5653351387948544,vlr
660378_0,Cryocells100T,team_b,Cypher,725,19109,826,11174150.0,0.0,0.0,0.0379402375843843,vlr
660378_2,texMIBR,,Astra,16106,1266,312,226337153.0,0.0,0.0,12.721958925750394,vlr
660378_2,MazinoMIBR,,Harbor,1468,15510,532,194195195.0,0.0,0.0,0.0946486137975499,vlr
660378_2,VernoMIBR,,Skye,1046,1468,853,153129171.0,0.0,0.0,0.7125340599455041,vlr
660378_2,aspasMIBR,,Jett,1266,15510,220,168231126.0,0.0,0.0,0.0816247582205029,vlr
660378_2,zekkenMIBR,,Neon,1257,17710,505,190156214.0,0.0,0.0,0.0709768492377188,vlr
660378_2,Asuna100T,team_b,Phoenix,21165,1376,734,291359189.0,0.0,0.0,15.38154069767442,vlr
660378_2,bang100T,team_b,Harbor,17107,1275,1293,216232193.0,0.0,0.0,13.417254901960783,vlr
660378_2,vora100T,team_b,Sova,1376,1156,826,202179236.0,0.0,0.0,1.1903114186851211,vlr
660378_2,Cryocells100T,team_b,Cypher,1257,1266,523,188137267.0,0.0,0.0,0.9928909952606636,vlr
660378_2,Timotino100T,team_b,Neon,1064,1688,312,157139184.0,0.0,0.0,0.6303317535545023,vlr
660379_0,keikoNRG,,Phoenix,23158,1385,615,291414190.0,0.0,0.0,16.72057761732852,vlr
660379_0,skubaNRG,,Cypher,1239,1275,413,143101179.0,0.0,0.0,0.971764705882353,vlr
660379_0,EthanNRG,,Fade,14311,1596,725,18597260.0,0.0,0.0,8.966791979949875,vlr
660379_0,brawkNRG,,Brimstone,14410,1578,1046,177129218.0,0.0,0.0,9.131812420785804,vlr
660379_0,Timotino100T,team_b,Neon,20137,19118,312,274317223.0,0.0,0.0,1.0533005544513023,vlr
660379_0,Asuna100T,team_b,Raze,16412,16106,514,204109318.0,0.0,0.0,1.0189991307587234,vlr
660379_0,Cryocells100T,team_b,Cypher,1596,1697,312,190219156.0,0.0,0.0,0.9404832056570418,vlr
660379_0,vora100T,team_b,Fade,1358,15105,321,160111220.0,0.0,0.0,0.0899040052962595,vlr
660379_0,bang100T,team_b,Brimstone,514,18117,642,8740145.0,0.0,0.0,0.0283711431252414,vlr
660379_2,keikoNRG,,Jett,24915,1495,550,274205343.0,0.0,0.0,16.665551839464882,vlr
660379_2,brawkNRG,,Sova,20713,1376,1266,239197283.0,0.0,0.0,15.053052325581396,vlr
660379_2,EthanNRG,,KAY/O,17125,1376,1358,201263140.0,0.0,0.0,12.445494186046512,vlr
660379_2,madaNRG,,Harbor,1385,1477,1138,154173136.0,0.0,0.0,0.937711577522004,vlr
660379_2,skubaNRG,,Viper,1248,1486,422,14793203.0,0.0,0.0,0.8398384925975774,vlr
660379_2,Cryocells100T,team_b,Cypher,221210,1587,615,241253230.0,0.0,0.0,139.3887838689351,vlr
660379_2,vora100T,team_b,Sova,1147,1477,936,154104206.0,0.0,0.0,0.7765741367637102,vlr
660379_2,Timotino100T,team_b,Neon,18711,19109,330,210174248.0,0.0,0.0,0.9791721178502276,vlr
660379_2,Asuna100T,team_b,Phoenix,1266,21129,725,171165178.0,0.0,0.0,0.0599176487292347,vlr
660379_2,bang100T,team_b,Harbor,514,1798,1037,7836120.0,0.0,0.0,0.28587319243604,vlr
660380_0,trentG2,,Fade,1358,743,1376,213140312.0,0.0,0.0,1.8277254374158816,vlr
660380_0,BABYBAYG2,,Vyse,20137,1376,541,271304229.0,0.0,0.0,14.634447674418604,vlr
660380_0,leafG2,,Viper,1394,1486,541,184236116.0,0.0,0.0,0.9380888290713324,vlr
660380_0,valynG2,,Omen,14104,1156,862,154175127.0,0.0,0.0,12.200692041522492,vlr
660380_0,jawgemoG2,,Raze,15105,1587,422,196224161.0,0.0,0.0,9.5179584120983,vlr
660380_0,brawkNRG,team_b,Vyse,15411,1367,624,215150265.0,0.0,0.0,11.273591806876372,vlr
660380_0,skubaNRG,team_b,Viper,1248,1569,101,166120201.0,0.0,0.0,0.7954110898661568,vlr
660380_0,keikoNRG,team_b,Omen,1275,16511,1055,165220124.0,0.0,0.0,0.077221246441766,vlr
660380_0,madaNRG,team_b,Neon,1477,16511,211,185215163.0,0.0,0.0,0.0894555145054812,vlr
660380_0,EthanNRG,team_b,Fade,761,1569,844,11118954.0,0.0,0.0,0.4850223072020395,vlr
660380_2,trentG2,,Sova,14122,1697,211,195163251.0,0.0,0.0,8.321744254566882,vlr
660380_2,leafG2,,Astra,1486,16106,321,216274118.0,0.0,0.0,0.0922637526387681,vlr
660380_2,valynG2,,Harbor,972,16106,752,17923977.0,0.0,0.0,0.0603501800571215,vlr
660380_2,jawgemoG2,,Neon,12102,15105,110,161188116.0,0.0,0.0,0.8011916583912612,vlr
660380_2,BABYBAYG2,,Vyse,1064,17116,440,151139172.0,0.0,0.0,0.0621640570226688,vlr
660380_2,keikoNRG,team_b,Jett,1587,13310,101,257228274.0,0.0,0.0,0.1192336589030804,vlr
660380_2,EthanNRG,team_b,KAY/O,17611,1349,1037,247145308.0,0.0,0.0,13.054855448480357,vlr
660380_2,brawkNRG,team_b,Sova,16313,1028,1165,276324249.0,0.0,0.0,15.868677042801556,vlr
660380_2,madaNRG,team_b,Harbor,1138,1147,826,208297158.0,0.0,0.0,0.992153443766347,vlr
660380_2,skubaNRG,team_b,Viper,20911,1239,413,153106181.0,0.0,0.0,16.8773204196933,vlr
660380_3,valynG2,,Astra,19514,1055,743,272183332.0,0.0,0.0,18.496682464454977,vlr
660380_3,jawgemoG2,,Neon,20911,1165,752,254309218.0,0.0,0.0,17.949356223175965,vlr
660380_3,BABYBAYG2,,Vyse,1789,1349,835,229263207.0,0.0,0.0,1.3261675315048185,vlr
660380_3,leafG2,,Phoenix,1486,1569,1165,190282130.0,0.0,0.0,0.947100063734863,vlr
660380_3,trentG2,,Fade,817,1156,927,12968171.0,0.0,0.0,0.7067474048442907,vlr
660380_3,brawkNRG,team_b,Sova,1688,1486,633,259196354.0,0.0,0.0,1.135935397039031,vlr
660380_3,keikoNRG,team_b,Killjoy,1376,15105,440,171154197.0,0.0,0.0,0.0910956636875206,vlr
660380_3,madaNRG,team_b,Neon,1587,17107,321,180160210.0,0.0,0.0,0.0927690419126673,vlr
660380_3,skubaNRG,team_b,Astra,752,16106,1293,13316487.0,0.0,0.0,0.0466906742828759,vlr
660380_4,trentG2,,Fade,19811,1587,624,227210243.0,0.0,0.0,12.483301827347196,vlr
660380_4,jawgemoG2,,Neon,17314,19118,936,23762399.0,0.0,0.0,0.905638665132336,vlr
660380_4,valynG2,,Astra,20911,1798,404,226209243.0,0.0,0.0,11.630144605116795,vlr
660380_4,BABYBAYG2,,Chamber,1376,18108,202,167151182.0,0.0,0.0,0.0759885133642589,vlr
660380_4,leafG2,,Phoenix,1174,17107,1046,157154161.0,0.0,0.0,0.0686268778862454,vlr
660380_4,brawkNRG,team_b,Sova,221012,1385,532,241217269.0,0.0,0.0,159.5754512635379,vlr
660380_4,keikoNRG,team_b,Phoenix,18108,1899,1147,249228272.0,0.0,0.0,9.535545023696685,vlr
660380_4,skubaNRG,team_b,Cypher,1679,17107,1055,211198226.0,0.0,0.0,0.0981469573858654,vlr
660380_4,EthanNRG,team_b,Omen,16610,17107,642,186144233.0,0.0,0.0,0.9709475653241364,vlr
660380_4,madaNRG,team_b,Neon,1459,1596,431,155105212.0,0.0,0.0,0.9141604010025064,vlr
660380_5,trentG2,,Sova,231211,1495,826,276246310.0,0.0,0.0,154.6561872909699,vlr
660380_5,leafG2,,Phoenix,241014,1697,1046,317253387.0,0.0,0.0,142.02357100766056,vlr
660380_5,valynG2,,Astra,15510,1275,1064,177134225.0,0.0,0.0,12.16470588235294,vlr
660380_5,BABYBAYG2,,Vyse,1284,15105,963,175224123.0,0.0,0.0,0.0850049652432969,vlr
660380_5,jawgemoG2,,Yoru,1569,17107,642,158142177.0,0.0,0.0,0.0917168410592155,vlr
660380_5,brawkNRG,team_b,Sova,17611,1587,14212,255167337.0,0.0,0.0,11.097038437303087,vlr
660380_5,madaNRG,team_b,Sage,1367,17107,1064,147173124.0,0.0,0.0,0.0799088092593675,vlr
660380_5,keikoNRG,team_b,Jett,1578,201010,413,211208216.0,0.0,0.0,0.0078503557036963,vlr
660380_5,skubaNRG,team_b,Vyse,17413,19109,431,200141256.0,0.0,0.0,0.9112460097336332,vlr
660380_5,EthanNRG,team_b,Omen,1266,18108,835,162163163.0,0.0,0.0,0.0699138502319416,vlr
674854_0,sociablEEFUT,,Brimstone,21912,963,523,262194366.0,0.0,0.0,22.753894080996886,vlr
674854_0,s0ppFUT,,Neon,17134,1266,532,250321145.0,0.0,0.0,13.53396524486572,vlr
674854_0,yetujeyFUT,,Cypher,19127,1275,303,244246244.0,0.0,0.0,15.00156862745098,vlr
674854_0,KROSTALYFUT,,Fade,1376,1174,413,169151199.0,0.0,0.0,1.17206132879046,vlr
674854_0,xeusFUT,,Phoenix,1367,16106,532,196156259.0,0.0,0.0,0.0848752017881534,vlr
674854_0,hiroNAVI,team_b,Viper,15105,17710,202,221338143.0,0.0,0.0,0.8529079616036138,vlr
674854_0,RuxicNAVI,team_b,Omen,13310,1679,734,196132239.0,0.0,0.0,7.927337701012507,vlr
674854_0,chloricNAVI,team_b,Fade,1165,1468,211,147213104.0,0.0,0.0,0.7935967302452316,vlr
674854_0,FiluNAVI,team_b,Chamber,1019,1789,431,15571211.0,0.0,0.0,0.5695919508105086,vlr
674854_0,ExiTNAVI,team_b,Neon,1147,19811,725,179137207.0,0.0,0.0,0.0578971278582605,vlr
674854_2,yetujeyFUT,,Vyse,251411,1697,514,276310243.0,0.0,0.0,148.15026517383615,vlr
674854_2,KROSTALYFUT,,Fade,16610,1495,541,168128209.0,0.0,0.0,11.110367892976589,vlr
674854_2,xeusFUT,,Raze,19118,1899,101,225239211.0,0.0,0.0,10.067403896787782,vlr
674854_2,sociablEEFUT,,Omen,1789,1899,1147,192188198.0,0.0,0.0,0.942074776197999,vlr
674854_2,s0ppFUT,,Neon,1688,19118,642,203204202.0,0.0,0.0,0.0882937545768385,vlr
674854_2,RuxicNAVI,team_b,Omen,22814,1587,853,220164277.0,0.0,0.0,14.375551354757404,vlr
674854_2,FiluNAVI,team_b,Raze,231112,201010,633,277251303.0,0.0,0.0,1.149753743594846,vlr
674854_2,hiroNAVI,team_b,Cypher,1486,1789,532,177207148.0,0.0,0.0,0.8306316377864729,vlr
674854_2,chloricNAVI,team_b,Fade,1468,19910,927,171139203.0,0.0,0.0,0.0737317930688096,vlr
674854_2,ExiTNAVI,team_b,Neon,1257,221111,541,151140163.0,0.0,0.0,0.005684927479863,vlr
674855_0,kamoTL,,Phoenix,231310,17710,422,298307288.0,0.0,0.0,13.060982495765105,vlr
674855_0,MiniBooTL,,Raze,1798,1349,303,213187242.0,0.0,0.0,1.332839140103781,vlr
674855_0,purp0TL,,Fade,1284,1248,211,142165117.0,0.0,0.0,1.0288461538461535,vlr
674855_0,wayneTL,,Omen,10100,16610,1064,13423425.0,0.0,0.0,0.6080674292594822,vlr
674855_0,GSRTL,,Cypher,752,1789,431,9013047.0,0.0,0.0,0.4203465623253214,vlr
674855_0,marteenM8,team_b,Raze,20164,14311,413,245350150.0,0.0,0.0,1.408986094612536,vlr
674855_0,bipoM8,team_b,Cypher,15114,1129,211,17627091.0,0.0,0.0,13.387068201948628,vlr
674855_0,GLYPHM8,team_b,Omen,1037,1468,20128,168124210.0,0.0,0.0,0.7064032697547684,vlr
674855_0,starxoM8,team_b,Fade,1266,1349,422,137144132.0,0.0,0.0,0.938472942920682,vlr
674855_0,MinnyM8,team_b,Neon,18108,1798,312,225248206.0,0.0,0.0,10.07119021134594,vlr
674855_2,MiniBooTL,,Chamber,19811,1569,202,244217265.0,0.0,0.0,12.626513702995538,vlr
674855_2,kamoTL,,Jett,1789,1468,734,232232233.0,0.0,0.0,1.2186648501362398,vlr
674855_2,purp0TL,,Sova,15510,1688,101,183153206.0,0.0,0.0,9.188388625592417,vlr
674855_2,wayneTL,,Omen,945,1789,1073,142179115.0,0.0,0.0,0.5282280603689212,vlr
674855_2,GSRTL,,Phoenix,615,16610,1082,11375143.0,0.0,0.0,0.0370258880192655,vlr
674855_2,marteenM8,team_b,Phoenix,19127,945,505,228245205.0,0.0,0.0,20.24021164021164,vlr
674855_2,bipoM8,team_b,Cypher,251411,15105,514,318321314.0,0.0,0.0,16.644223766964583,vlr
674855_2,MinnyM8,team_b,Jett,1578,1394,110,187160226.0,0.0,0.0,1.131994261119082,vlr
674855_2,starxoM8,team_b,Sova,1275,1596,743,196208183.0,0.0,0.0,0.7988721804511278,vlr
674855_2,GLYPHM8,team_b,Omen,743,1486,1385,108103116.0,0.0,0.0,0.5,vlr
674856_0,crashiesFNC,,Sova,201010,1073,945,244210297.0,0.0,0.0,187.3345759552656,vlr
674856_0,BoasterFNC,,Harbor,211110,1486,532,279252322.0,0.0,0.0,142.06594885598923,vlr
674856_0,kaajakFNC,,Neon,16106,16106,211,202222175.0,0.0,0.0,1.0,vlr
674856_0,CyvOphFNC,,KAY/O,752,1798,1679,150158138.0,0.0,0.0,0.4182424916573971,vlr
674856_0,AlfajerFNC,,Viper,972,1688,624,148160132.0,0.0,0.0,0.5758293838862559,vlr
674856_0,Lar0kBBL,team_b,Jett,21129,1468,523,295402224.0,0.0,0.0,14.393051771117166,vlr
674856_0,CrewenBBL,team_b,Viper,16610,1266,101,226212236.0,0.0,0.0,13.12006319115324,vlr
674856_0,LoitaBBL,team_b,Omen,1459,14410,541,208193219.0,0.0,0.0,0.1012491325468424,vlr
674856_0,lovers,team_b,Neon,16610,17710,321,225208237.0,0.0,0.0,0.937888198757764,vlr
674856_0,RoséBBL,team_b,Sova,624,1679,330,858188.0,0.0,0.0,0.3716497915425849,vlr
674856_2,kaajakFNC,,Neon,221210,1293,330,315285369.0,0.0,0.0,171.08275328692963,vlr
674856_2,CyvOphFNC,,Viper,19118,871,321,246232271.0,0.0,0.0,21.949483352468427,vlr
674856_2,crashiesFNC,,Skye,1293,761,1055,168187137.0,0.0,0.0,1.6990801576872536,vlr
674856_2,BoasterFNC,,Astra,1266,1192,1073,183146247.0,0.0,0.0,1.0620805369127515,vlr
674856_2,CrewenBBL,team_b,Vyse,13013,1578,532,20233301.0,0.0,0.0,8.246514575411913,vlr
674856_2,Lar0kBBL,team_b,Raze,1349,17611,404,214195226.0,0.0,0.0,0.0765998523649991,vlr
674856_2,lovers,team_b,Neon,927,1156,312,11972147.0,0.0,0.0,0.8019031141868512,vlr
674856_2,LoitaBBL,team_b,Astra,12210,1578,523,17786231.0,0.0,0.0,7.737642585551331,vlr
674856_2,RoséBBL,team_b,Fade,523,19712,312,788873.0,0.0,0.0,0.0265320616883116,vlr
674857_0,N4RRATEKC,,Phoenix,261016,1596,936,316234406.0,0.0,0.0,163.5438596491228,vlr
674857_0,AvezKC,,Fade,19910,1587,1165,219216224.0,0.0,0.0,12.54568367989918,vlr
674857_0,dos9KC,,Brimstone,19910,1697,1459,240194292.0,0.0,0.0,11.732469063052443,vlr
674857_0,LewNKC,,Neon,1275,1798,422,154180126.0,0.0,0.0,0.7091212458286985,vlr
674857_0,SUYGETSUKC,,Cypher,954,1688,312,111121102.0,0.0,0.0,0.5651658767772512,vlr
674857_0,audazEF,team_b,Astra,23617,18108,871,291179393.0,0.0,0.0,1.3042301745085043,vlr
674857_0,FavianEF,team_b,Raze,18117,1688,431,224279174.0,0.0,0.0,10.73281990521327,vlr
674857_0,echoEF,team_b,Cypher,14410,1587,514,189142234.0,0.0,0.0,9.08002520478891,vlr
674857_0,IzzyEF,team_b,Neon,1486,18108,404,185206166.0,0.0,0.0,0.0820631764965761,vlr
674857_0,nekkyEF,team_b,Fade,963,18108,523,11614491.0,0.0,0.0,0.0531809145129224,vlr
674857_2,N4RRATEKC,,Phoenix,19811,1688,954,263259267.0,0.0,0.0,11.736374407582938,vlr
674857_2,AvezKC,,Fade,221012,1679,312,257228285.0,0.0,0.0,131.63311494937463,vlr
674857_2,dos9KC,,Astra,1046,1578,14212,127121133.0,0.0,0.0,0.6628643852978454,vlr
674857_2,SUYGETSUKC,,Cypher,1688,201010,606,198165228.0,0.0,0.0,0.008397592159594,vlr
674857_2,LewNKC,,Neon,1275,19109,312,142169118.0,0.0,0.0,0.066722486786331,vlr
674857_2,echoEF,team_b,Cypher,21138,1486,651,244302182.0,0.0,0.0,14.224764468371466,vlr
674857_2,nekkyEF,team_b,Fade,16511,1596,624,194109289.0,0.0,0.0,10.345238095238097,vlr
674857_2,audazEF,team_b,Astra,1596,1578,725,188199178.0,0.0,0.0,1.011406844106464,vlr
674857_2,IzzyEF,team_b,Neon,19127,1789,110,206251157.0,0.0,0.0,10.691447736165456,vlr
674857_2,FavianEF,team_b,Phoenix,15510,18108,835,205153264.0,0.0,0.0,0.8565275016567263,vlr
674857_3,N4RRATEKC,,Phoenix,271017,1688,853,328245406.0,0.0,0.0,160.55509478672985,vlr
674857_3,LewNKC,,Neon,20812,1495,514,233208257.0,0.0,0.0,13.921070234113712,vlr
674857_3,dos9KC,,Omen,1679,1156,541,179180180.0,0.0,0.0,1.4524221453287198,vlr
674857_3,AvezKC,,Sova,1156,1275,853,136137137.0,0.0,0.0,0.9066666666666666,vlr
674857_3,SUYGETSUKC,,Cypher,954,1477,743,127144112.0,0.0,0.0,0.6459038591740014,vlr
674857_3,echoEF,team_b,Vyse,271116,17107,633,346295404.0,0.0,0.0,15.848249254691062,vlr
674857_3,audazEF,team_b,Omen,1165,1596,954,153157151.0,0.0,0.0,0.7299498746867168,vlr
674857_3,FavianEF,team_b,Sage,734,1486,972,10187118.0,0.0,0.0,0.4939434724091521,vlr
674857_3,IzzyEF,team_b,Jett,1385,1899,413,151159143.0,0.0,0.0,0.7293312269615587,vlr
674857_3,nekkyEF,team_b,Sova,936,19127,321,12484170.0,0.0,0.0,0.0489360589742249,vlr
674858_0,yetujeyFUT,,Cypher,221210,1679,743,235226245.0,0.0,0.0,131.75104228707565,vlr
674858_0,s0ppFUT,,Neon,21147,18711,523,240308172.0,0.0,0.0,1.1301907968574636,vlr
674858_0,KROSTALYFUT,,Sova,1697,201010,642,191197186.0,0.0,0.0,0.0084423660514402,vlr
674858_0,sociablEEFUT,,Omen,1596,211110,844,166213120.0,0.0,0.0,0.0075600397896831,vlr
674858_0,MinnyM8,team_b,Neon,271413,20911,404,285287285.0,0.0,0.0,12.979436660131032,vlr
674858_0,marteenM8,team_b,Phoenix,23914,19910,743,254196313.0,0.0,0.0,1.2011049723756906,vlr
674858_0,starxoM8,team_b,Sova,19154,18810,1129,216312120.0,0.0,0.0,1.018288144603934,vlr
674858_0,bipoM8,team_b,Cypher,1679,17710,202,170153187.0,0.0,0.0,0.0948051948051948,vlr
674858_0,GLYPHM8,team_b,Omen,1275,16511,1284,128149108.0,0.0,0.0,0.077221246441766,vlr
674858_2,yetujeyFUT,,Cypher,1798,1459,606,211225201.0,0.0,0.0,1.2323509252912954,vlr
674858_2,sociablEEFUT,,Brimstone,1459,1468,835,193141238.0,0.0,0.0,0.9938692098092644,vlr
674858_2,KROSTALYFUT,,Fade,1468,1367,220,150156145.0,0.0,0.0,1.0738844184345282,vlr
674858_2,xeusFUT,,Phoenix,1266,1789,835,161180146.0,0.0,0.0,0.7076579094466182,vlr
674858_2,s0ppFUT,,Neon,1587,19109,954,223271184.0,0.0,0.0,0.0830498717881626,vlr
674858_2,marteenM8,team_b,Phoenix,1789,1697,826,241195297.0,0.0,0.0,1.0542133176193282,vlr
674858_2,bipoM8,team_b,Cypher,19127,1376,220,231266191.0,0.0,0.0,13.900436046511627,vlr
674858_2,starxoM8,team_b,Fade,1468,1376,642,179149216.0,0.0,0.0,1.066860465116279,vlr
674858_2,GLYPHM8,team_b,Astra,1266,1477,1055,152147159.0,0.0,0.0,0.8571428571428571,vlr
674858_2,MinnyM8,team_b,Neon,15105,1688,541,200247145.0,0.0,0.0,8.94845971563981,vlr
674858_3,yetujeyFUT,,Cypher,21147,1367,312,283317238.0,0.0,0.0,15.469641550841258,vlr
674858_3,s0ppFUT,,Neon,20137,1798,422,271311219.0,0.0,0.0,11.199666295884317,vlr
674858_3,KROSTALYFUT,,Sova,1266,1587,413,169138212.0,0.0,0.0,0.7977315689981096,vlr
674858_3,sociablEEFUT,,Omen,1349,1587,431,15987255.0,0.0,0.0,0.8500315059861374,vlr
674858_3,xeusFUT,,Phoenix,844,1697,972,127124131.0,0.0,0.0,0.497348261638185,vlr
674858_3,GLYPHM8,team_b,Omen,17512,1468,505,233149296.0,0.0,0.0,11.9291553133515,vlr
674858_3,starxoM8,team_b,Sova,18711,1468,624,251206285.0,0.0,0.0,12.74591280653951,vlr
674858_3,marteenM8,team_b,Phoenix,17107,1688,734,237307186.0,0.0,0.0,10.134478672985782,vlr
674858_3,MinnyM8,team_b,Jett,1587,1358,422,198239167.0,0.0,0.0,1.1686303387334316,vlr
674858_3,bipoM8,team_b,Cypher,963,1789,220,13222365.0,0.0,0.0,0.5382895472330911,vlr
674860_0,FiluNAVI,,Raze,231013,16610,312,263196337.0,0.0,0.0,13.908067429259482,vlr
674860_0,RuxicNAVI,,Omen,19154,1468,1257,245354128.0,0.0,0.0,13.047683923705724,vlr
674860_0,chloricNAVI,,Fade,18711,1477,826,194130265.0,0.0,0.0,12.66824644549763,vlr
674860_0,ExiTNAVI,,Neon,1899,1697,835,233229239.0,0.0,0.0,1.1190335886859164,vlr
674860_0,hiroNAVI,,Cypher,1275,1587,642,166213115.0,0.0,0.0,0.8034026465028355,vlr
674860_0,purp0TL,team_b,Fade,16115,1468,321,181265105.0,0.0,0.0,10.977520435967303,vlr
674860_0,nAtsTL,team_b,Cypher,1899,18810,431,201202202.0,0.0,0.0,0.100956937799043,vlr
674860_0,wayneTL,team_b,Omen,1486,19910,1376,189238145.0,0.0,0.0,0.0746358613761928,vlr
674860_0,MiniBooTL,team_b,Raze,1578,21912,404,182152211.0,0.0,0.0,0.0720153340635268,vlr
674860_0,kamoTL,team_b,Phoenix,1248,18108,404,158114198.0,0.0,0.0,0.0689198144466534,vlr
674860_2,FiluNAVI,,Phoenix,21129,1596,743,251304198.0,0.0,0.0,13.23872180451128,vlr
674860_2,ExiTNAVI,,Neon,19712,1495,624,220156286.0,0.0,0.0,13.185284280936456,vlr
674860_2,chloricNAVI,,Sova,1688,1495,725,210200221.0,0.0,0.0,1.1290969899665553,vlr
674860_2,hiroNAVI,,Cypher,18612,1596,633,198142255.0,0.0,0.0,11.661654135338344,vlr
674860_2,RuxicNAVI,,Omen,1376,201010,963,158185133.0,0.0,0.0,0.0068454305755932,vlr
674860_2,nAtsTL,team_b,Cypher,20713,1495,312,215165266.0,0.0,0.0,13.85484949832776,vlr
674860_2,MiniBooTL,team_b,Jett,19910,21138,330,244247242.0,0.0,0.0,0.9419055729018828,vlr
674860_2,kamoTL,team_b,Omen,15510,1798,1376,181134230.0,0.0,0.0,8.626251390433815,vlr
674860_2,purp0TL,team_b,Sova,1367,1688,523,167145191.0,0.0,0.0,0.8098341232227488,vlr
674860_2,wayneTL,team_b,Sage,1156,19811,734,12594158.0,0.0,0.0,0.0583514209277674,vlr
675201_0,JitBoySFS,,Phoenix,201010,15123,1138,229231228.0,0.0,0.0,13.291674932222442,vlr
675201_0,primmieFS,,Jett,22814,16124,422,246201292.0,0.0,0.0,1.4149094517489458,vlr
675201_0,KilluaFS,,Fade,13112,16115,725,16051271.0,0.0,0.0,0.8136518771331058,vlr
675201_0,CrwsFS,,Vyse,1358,16115,413,159132186.0,0.0,0.0,0.0842693143034439,vlr
675201_0,LeviathanFS,,Astra,1459,16115,633,147121175.0,0.0,0.0,0.0905367669872789,vlr
675201_0,t3xtureGEN,team_b,Phoenix,29623,16106,220,312151474.0,0.0,0.0,1.8392524525021727,vlr
675201_0,KaronGEN,team_b,Astra,17512,1596,624,169122218.0,0.0,0.0,10.972431077694235,vlr
675201_0,ZynXGEN,team_b,Vyse,1358,17116,624,143107180.0,0.0,0.0,0.0793409675157747,vlr
675201_0,AshGEN,team_b,Neon,1138,17125,936,12790165.0,0.0,0.0,0.0664525547445255,vlr
675201_0,LakiaGEN,team_b,Fade,936,17116,615,10580131.0,0.0,0.0,0.0546856742229492,vlr
675201_2,JitBoySFS,,Phoenix,1468,14410,431,239299209.0,0.0,0.0,0.1018736988202637,vlr
675201_2,CrwsFS,,Cypher,1367,13211,101,198230183.0,0.0,0.0,0.1034743774127621,vlr
675201_2,LeviathanFS,,Omen,734,13211,624,134144129.0,0.0,0.0,0.0555597608053894,vlr
675201_2,KilluaFS,,Fade,725,15312,202,11973143.0,0.0,0.0,0.0473484848484848,vlr
675201_2,primmieFS,,Jett,761,16412,0,11225541.0,0.0,0.0,0.0463685108457226,vlr
675201_2,t3xtureGEN,team_b,Chamber,23194,743,101,336407196.0,0.0,0.0,31.21668909825033,vlr
675201_2,LakiaGEN,team_b,Fade,14122,945,1394,233295112.0,0.0,0.0,14.943915343915345,vlr
675201_2,KaronGEN,team_b,Omen,1394,835,743,191195184.0,0.0,0.0,1.6694610778443113,vlr
675201_2,ZynXGEN,team_b,Phoenix,13103,1275,871,196224141.0,0.0,0.0,10.27686274509804,vlr
675201_2,AshGEN,team_b,Neon,862,1275,431,137139135.0,0.0,0.0,0.676078431372549,vlr
675201_3,primmieFS,,Jett,371720,221210,541,329311348.0,0.0,0.0,1.6803941955607793,vlr
675201_3,CrwsFS,,Viper,23158,211011,633,217256179.0,0.0,0.0,0.1097478330513575,vlr
675201_3,JitBoySFS,,Neon,20119,251114,532,206228185.0,0.0,0.0,0.0801189897815334,vlr
675201_3,KilluaFS,,Sova,1486,221111,633,130144117.0,0.0,0.0,0.0067206063922645,vlr
675201_3,LeviathanFS,,Omen,1394,261313,1037,14018398.0,0.0,0.0,0.005334598737912,vlr
675201_3,t3xtureGEN,team_b,Jett,362214,21912,422,310381239.0,0.0,0.0,16.53039430449069,vlr
675201_3,ZynXGEN,team_b,Viper,251411,19811,954,228243214.0,0.0,0.0,12.690474988642674,vlr
675201_3,AshGEN,team_b,Neon,241113,20911,844,227199255.0,0.0,0.0,11.530438525178136,vlr
675201_3,LakiaGEN,team_b,Sova,20614,231013,1477,200128272.0,0.0,0.0,0.0892330734633981,vlr
675201_3,KaronGEN,team_b,Omen,1165,241113,1495,116132101.0,0.0,0.0,0.0048317593825301,vlr
675202_0,MonyetRRQ,,Raze,241410,1275,633,331340322.0,0.0,0.0,189.34117647058824,vlr
675202_0,crazyguyRRQ,,Omen,19145,1376,1385,260323177.0,0.0,0.0,13.913517441860463,vlr
675202_0,KushyRRQ,,Skye,1284,1477,1064,162186131.0,0.0,0.0,0.8693297224102912,vlr
675202_0,xfferoRRQ,,Vyse,954,1376,1284,118122114.0,0.0,0.0,0.6933139534883721,vlr
675202_0,JemkinRRQ,,Jett,1156,19118,110,145127171.0,0.0,0.0,0.0604665760016738,vlr
675202_0,yongKRX,team_b,Viper,18612,1349,431,220160266.0,0.0,0.0,13.796886582653816,vlr
675202_0,free1ngKRX,team_b,Vyse,1798,1569,505,228300175.0,0.0,0.0,1.1459528362014022,vlr
675202_0,HYUNMINKRX,team_b,Raze,1798,18810,413,260296235.0,0.0,0.0,0.0955874534821903,vlr
675202_0,MaKoKRX,team_b,Omen,1266,1569,624,151172135.0,0.0,0.0,0.8068833652007649,vlr
675202_0,BeYNKRX,team_b,Fade,725,1459,422,12189147.0,0.0,0.0,0.4969156956819739,vlr
675202_2,KushyRRQ,,Phoenix,311714,1385,1165,410375464.0,0.0,0.0,225.06425992779785,vlr
675202_2,xfferoRRQ,,Killjoy,1248,972,220,178135243.0,0.0,0.0,1.2839506172839503,vlr
675202_2,JemkinRRQ,,Jett,14113,15105,844,215274129.0,0.0,0.0,0.9343263819927176,vlr
675202_2,MonyetRRQ,,Omen,1239,13103,1275,16687286.0,0.0,0.0,0.0945584980538808,vlr
675202_2,crazyguyRRQ,,Sova,1266,1596,954,169146205.0,0.0,0.0,0.793233082706767,vlr
675202_2,HYUNMINKRX,team_b,Jett,17215,1486,321,248136324.0,0.0,0.0,11.58479138627187,vlr
675202_2,yongKRX,team_b,Viper,1468,1688,624,212229202.0,0.0,0.0,0.8696682464454977,vlr
675202_2,free1ngKRX,team_b,Killjoy,18711,19811,0,252231268.0,0.0,0.0,0.9444752915047196,vlr
675202_2,BeYNKRX,team_b,Sova,945,1789,413,165199143.0,0.0,0.0,0.5282280603689212,vlr
675202_2,MaKoKRX,team_b,Omen,725,1587,541,12194140.0,0.0,0.0,0.4568367989918084,vlr
675203_0,MeteorT1,,Killjoy,22139,1679,624,320310334.0,0.0,0.0,13.185824895771292,vlr
675203_0,MunchkinT1,,Astra,945,1495,422,122118128.0,0.0,0.0,0.6321070234113713,vlr
675203_0,BuZzT1,,Neon,1275,16106,642,160159163.0,0.0,0.0,0.0791630448280144,vlr
675203_0,staxT1,,Sova,1055,1688,532,133118154.0,0.0,0.0,0.625,vlr
675203_0,XrossNS,team_b,Fade,20911,1266,514,280272288.0,0.0,0.0,16.5173775671406,vlr
675203_0,DambiNS,team_b,Phoenix,21813,1358,514,288244321.0,0.0,0.0,16.06259204712813,vlr
675203_0,RbNS,team_b,Astra,1266,1138,734,160166155.0,0.0,0.0,1.1124780316344465,vlr
675203_0,IvyNS,team_b,Chamber,1385,1165,220,165242108.0,0.0,0.0,1.1888412017167382,vlr
675203_0,FrancisNS,team_b,Neon,1358,1587,413,157154160.0,0.0,0.0,0.8557025834908633,vlr
675203_2,BuZzT1,,Jett,21147,211011,422,207275139.0,0.0,0.0,0.1002175242048992,vlr
675203_2,MunchkinT1,,Omen,17512,20119,1275,189100280.0,0.0,0.0,0.8704209950792783,vlr
675203_2,MeteorT1,,Killjoy,221111,231310,211,222220226.0,0.0,0.0,0.955907656391855,vlr
675203_2,iZuT1,,Sova,19136,211110,211,193250136.0,0.0,0.0,0.0906446876036189,vlr
675203_2,staxT1,,KAY/O,1495,211011,1486,155182128.0,0.0,0.0,0.0070849386998782,vlr
675203_2,RbNS,team_b,Omen,22715,1257,1495,208152265.0,0.0,0.0,18.070803500397773,vlr
675203_2,XrossNS,team_b,Phoenix,21129,20713,1257,241254229.0,0.0,0.0,1.020084005214117,vlr
675203_2,FrancisNS,team_b,Sova,22814,19811,1046,235193277.0,0.0,0.0,1.1515824541921156,vlr
675203_2,DambiNS,team_b,Neon,241212,251312,303,238231246.0,0.0,0.0,0.9598109123320812,vlr
675203_2,IvyNS,team_b,Cypher,17125,1789,303,155200112.0,0.0,0.0,9.572386808272778,vlr
675204_0,CaedyeDFM,,Viper,231112,1899,303,280247313.0,0.0,0.0,121.70194839389151,vlr
675204_0,yatsukaDFM,,Skye,16610,1596,862,192163222.0,0.0,0.0,10.407268170426065,vlr
675204_0,AkameDFM,,Raze,17611,17107,312,196140253.0,0.0,0.0,1.0294616238966503,vlr
675204_0,MeiyDFM,,Jett,17107,1688,312,179227132.0,0.0,0.0,10.134478672985782,vlr
675204_0,SSeeSDFM,,Omen,1183,1899,927,13018873.0,0.0,0.0,0.6229594523433386,vlr
675204_0,PatMenGE,team_b,Fade,22157,1679,514,253327180.0,0.0,0.0,13.196545562835022,vlr
675204_0,xavi8kGE,team_b,Omen,18711,1789,871,213188238.0,0.0,0.0,10.45891559530464,vlr
675204_0,AutumnGE,team_b,Jett,19811,1688,110,215178253.0,0.0,0.0,11.736374407582938,vlr
675204_0,Kr1stalGE,team_b,Viper,1459,1596,202,160127194.0,0.0,0.0,0.9141604010025064,vlr
675204_0,UdoTanGE,team_b,Raze,1147,20119,211,133109159.0,0.0,0.0,0.0570107858243451,vlr
675204_2,CaedyeDFM,,Killjoy,17512,15411,211,289267299.0,0.0,0.0,1.1363311920057102,vlr
675204_2,MeiyDFM,,Chamber,14311,1358,110,228160256.0,0.0,0.0,10.538291605301914,vlr
675204_2,yatsukaDFM,,Skye,826,15510,936,144171134.0,0.0,0.0,0.0532559638942617,vlr
675204_2,AkameDFM,,Neon,817,15510,321,14786172.0,0.0,0.0,0.052675693101225,vlr
675204_2,SSeeSDFM,,Astra,303,17512,835,713686.0,0.0,0.0,0.0173024211968935,vlr
675204_2,Kr1stalGE,team_b,Killjoy,16106,862,220,226206273.0,0.0,0.0,18.68445475638051,vlr
675204_2,UdoTanGE,team_b,Neon,16115,1082,642,261250289.0,0.0,0.0,14.893715341959334,vlr
675204_2,xavi8kGE,team_b,Astra,1477,972,330,231165391.0,0.0,0.0,1.5195473251028806,vlr
675204_2,AutumnGE,team_b,Phoenix,17152,1284,633,261316129.0,0.0,0.0,13.358255451713395,vlr
675204_2,PatMenGE,team_b,Fade,1284,11101,651,186187185.0,0.0,0.0,0.1156652553823979,vlr
675205_0,AshGEN,,Neon,22913,1578,330,283252307.0,0.0,0.0,14.520278833967048,vlr
675205_0,ZynXGEN,,Phoenix,1367,1587,734,211240190.0,0.0,0.0,0.8613736609955892,vlr
675205_0,t3xtureGEN,,Chamber,14212,1578,0,20169302.0,0.0,0.0,9.006337135614702,vlr
675205_0,KaronGEN,,Omen,752,1587,954,9516544.0,0.0,0.0,0.4738500315059861,vlr
675205_0,LakiaGEN,,Fade,624,19811,321,11082132.0,0.0,0.0,0.0314976528191408,vlr
675205_0,crazyguyRRQ,team_b,Sova,221210,963,1367,323287372.0,0.0,0.0,229.70924195223265,vlr
675205_0,JemkinRRQ,team_b,Jett,231310,1578,211,308304315.0,0.0,0.0,146.58428390367553,vlr
675205_0,xfferoRRQ,team_b,Killjoy,1174,743,110,134149117.0,0.0,0.0,1.5800807537012114,vlr
675205_0,KushyRRQ,team_b,Phoenix,1569,16115,532,186165216.0,0.0,0.0,0.0973627055538318,vlr
675205_0,MonyetRRQ,team_b,Omen,835,15105,1358,12893177.0,0.0,0.0,0.0552797087057265,vlr
675205_2,LakiaGEN,,Sova,1349,1578,725,205170230.0,0.0,0.0,0.8548795944233206,vlr
675205_2,KaronGEN,,Omen,1064,1468,1248,161236112.0,0.0,0.0,0.7247956403269755,vlr
675205_2,AshGEN,,Neon,12210,1688,101,17361249.0,0.0,0.0,7.233412322274882,vlr
675205_2,ZynXGEN,,Vyse,954,1789,413,129174100.0,0.0,0.0,0.5332588038010061,vlr
675205_2,xfferoRRQ,team_b,Chamber,26197,1073,101,338413225.0,0.0,0.0,24.41472506989748,vlr
675205_2,crazyguyRRQ,team_b,Vyse,1486,1266,936,222194266.0,0.0,0.0,1.1737756714060033,vlr
675205_2,MonyetRRQ,team_b,Omen,1569,1174,1147,196149268.0,0.0,0.0,1.3364565587734245,vlr
675205_2,KushyRRQ,team_b,Sova,1046,1183,211,11666194.0,0.0,0.0,0.8841927303465765,vlr
675205_2,JemkinRRQ,team_b,Jett,1349,14104,303,173104277.0,0.0,0.0,0.0956466250709018,vlr
675205_3,t3xtureGEN,,Jett,25196,1394,110,366392306.0,0.0,0.0,18.074605451936872,vlr
675205_3,LakiaGEN,,Sova,14113,862,211,193221127.0,0.0,0.0,16.372389791183295,vlr
675205_3,ZynXGEN,,Viper,13121,743,312,19624483.0,0.0,0.0,17.659488559892328,vlr
675205_3,KaronGEN,,Omen,1293,1192,1183,208225168.0,0.0,0.0,1.0847315436241611,vlr
675205_3,AshGEN,,Neon,1055,13103,1192,186135309.0,0.0,0.0,0.0805159123864763,vlr
675205_3,xfferoRRQ,team_b,Viper,20812,15312,404,330358319.0,0.0,0.0,1.3591954022988506,vlr
675205_3,KushyRRQ,team_b,Sova,12111,14410,624,19869252.0,0.0,0.0,0.8404580152671756,vlr
675205_3,JemkinRRQ,team_b,Jett,1037,15411,422,190171198.0,0.0,0.0,0.0672895983388488,vlr
675205_3,crazyguyRRQ,team_b,KAY/O,624,15312,927,142158136.0,0.0,0.0,0.0407523510971786,vlr
675205_3,MonyetRRQ,team_b,Harbor,404,15411,1037,8422111.0,0.0,0.0,0.0262150412043345,vlr
675205_4,LakiaGEN,,Fade,18117,954,853,242271204.0,0.0,0.0,18.99056603773585,vlr
675205_4,ZynXGEN,,Vyse,15105,743,321,174180166.0,0.0,0.0,20.32974427994617,vlr
675205_4,KaronGEN,,Omen,17116,1275,1165,207235171.0,0.0,0.0,13.424313725490196,vlr
675205_4,t3xtureGEN,,Raze,16106,1486,532,236247223.0,0.0,0.0,10.838492597577387,vlr
675205_4,AshGEN,,Neon,1046,1486,541,143115182.0,0.0,0.0,0.7039030955585465,vlr
675205_4,MonyetRRQ,team_b,Raze,17512,1578,422,234212252.0,0.0,0.0,11.097591888466413,vlr
675205_4,KushyRRQ,team_b,Skye,1064,1459,1046,146195111.0,0.0,0.0,0.7292666209732693,vlr
675205_4,crazyguyRRQ,team_b,Omen,954,1459,505,150167138.0,0.0,0.0,0.6538725154215216,vlr
675205_4,JemkinRRQ,team_b,Jett,1248,17710,0,154145161.0,0.0,0.0,0.0704686617730096,vlr
675205_4,xfferoRRQ,team_b,Vyse,844,16610,431,112117110.0,0.0,0.0,0.0508127633955448,vlr
675205_5,t3xtureGEN,,Phoenix,281315,15105,202,320271374.0,0.0,0.0,18.623965574313143,vlr
675205_5,ZynXGEN,,Vyse,14122,1275,550,17529249.0,0.0,0.0,11.076078431372547,vlr
675205_5,KaronGEN,,Astra,1064,1486,1486,131149111.0,0.0,0.0,0.7160161507402423,vlr
675205_5,LakiaGEN,,Fade,1257,1587,862,132107160.0,0.0,0.0,0.7920604914933838,vlr
675205_5,AshGEN,,Neon,1266,18126,743,181169194.0,0.0,0.0,0.0698444223766964,vlr
675205_5,JemkinRRQ,team_b,Jett,20614,1798,532,267189339.0,0.0,0.0,11.46496106785317,vlr
675205_5,MonyetRRQ,team_b,Astra,1578,1349,1046,182153210.0,0.0,0.0,1.1697553743513711,vlr
675205_5,xfferoRRQ,team_b,Vyse,1468,1798,945,220202238.0,0.0,0.0,0.8164627363737486,vlr
675205_5,KushyRRQ,team_b,Skye,1569,1679,835,170139198.0,0.0,0.0,0.9344848123883264,vlr
675206_0,XrossNS,,Raze,28919,21129,101,259203317.0,0.0,0.0,1.3686875857825738,vlr
675206_0,FrancisNS,,Skye,261412,21129,17125,260291230.0,0.0,0.0,12.372189881205925,vlr
675206_0,IvyNS,,Viper,231013,231211,523,202191214.0,0.0,0.0,0.9991436393597192,vlr
675206_0,DambiNS,,Neon,231112,251312,413,222217227.0,0.0,0.0,0.9196218246641624,vlr
675206_0,RbNS,,Omen,1266,22139,18711,134133136.0,0.0,0.0,0.0571841546591987,vlr
675206_0,Kr1stalGE,team_b,Viper,261412,211110,532,223254193.0,0.0,0.0,1.2382738856520297,vlr
675206_0,PatMenGE,team_b,Fade,24177,231310,514,238330147.0,0.0,0.0,0.1045220699494185,vlr
675206_0,xavi8kGE,team_b,Omen,22814,19127,844,195141251.0,0.0,0.0,1.1927641553824435,vlr
675206_0,UdoTanGE,team_b,Raze,251015,241311,1064,254213297.0,0.0,0.0,1.040213666181815,vlr
675206_0,AutumnGE,team_b,Jett,15114,251312,734,14838258.0,0.0,0.0,0.0601403832686063,vlr
675206_2,RbNS,,Astra,880,13112,110,18320930.0,0.0,0.0,0.0671140939597315,vlr
675206_2,DambiNS,,Phoenix,651,12102,110,134130160.0,0.0,0.0,0.0537927615270203,vlr
675206_2,XrossNS,,Fade,330,13112,330,9811313.0,0.0,0.0,0.0251677852348993,vlr
675206_2,IvyNS,,Chamber,330,1192,220,829227.0,0.0,0.0,0.2768456375838926,vlr
675206_2,FrancisNS,,Neon,220,14122,220,6374.0,0.0,0.0,0.0155785299532644,vlr
675206_2,UdoTanGE,team_b,Neon,18414,404,725,334508306.0,0.0,0.0,45.57920792079208,vlr
675206_2,AutumnGE,team_b,Phoenix,14113,514,202,263110289.0,0.0,0.0,27.457198443579767,vlr
675206_2,PatMenGE,team_b,Fade,1019,404,11110,204124218.0,0.0,0.0,2.522277227722772,vlr
675206_2,Kr1stalGE,team_b,Killjoy,11110,303,101,187105201.0,0.0,0.0,36.66666666666666,vlr
675206_2,xavi8kGE,team_b,Astra,1037,606,927,213401182.0,0.0,0.0,1.7112211221122111,vlr
675206_3,IvyNS,,Cypher,22148,15105,871,301340244.0,0.0,0.0,1.466269447202913,vlr
675206_3,FrancisNS,,Sova,13103,1486,211,163193119.0,0.0,0.0,8.817631224764469,vlr
675206_3,RbNS,,Omen,1486,17107,734,225216241.0,0.0,0.0,0.0868650260127433,vlr
675206_3,XrossNS,,Phoenix,716,1596,532,13774232.0,0.0,0.0,0.4486215538847117,vlr
675206_3,DambiNS,,Neon,862,16106,321,12716079.0,0.0,0.0,0.0535204271699987,vlr
675206_3,UdoTanGE,team_b,Neon,221012,1358,514,317342301.0,0.0,0.0,162.74815905743742,vlr
675206_3,AutumnGE,team_b,Cypher,21912,1257,615,254262249.0,0.0,0.0,17.43198090692124,vlr
675206_3,PatMenGE,team_b,Omen,16412,1248,826,219131278.0,0.0,0.0,13.150641025641026,vlr
675206_3,Kr1stalGE,team_b,Deadlock,1037,1679,817,14299171.0,0.0,0.0,0.6176295413936868,vlr
675206_3,xavi8kGE,team_b,Sova,844,1147,963,133182100.0,0.0,0.0,0.7358326068003488,vlr
675206_4,DambiNS,,Neon,281414,18810,312,341369318.0,0.0,0.0,14.96087187666135,vlr
675206_4,RbNS,,Harbor,19712,1367,16115,256216291.0,0.0,0.0,14.419897585954644,vlr
675206_4,IvyNS,,Viper,19118,1587,440,238334159.0,0.0,0.0,12.046628859483302,vlr
675206_4,XrossNS,,Phoenix,1679,1569,1046,200165229.0,0.0,0.0,1.0701083492670491,vlr
675206_4,FrancisNS,,Sova,945,1349,1129,11999137.0,0.0,0.0,0.7005189028910304,vlr
675206_4,Kr1stalGE,team_b,Sova,19910,1697,752,252227284.0,0.0,0.0,11.732469063052443,vlr
675206_4,xavi8kGE,team_b,Sage,18810,1679,633,208169257.0,0.0,0.0,11.203097081596187,vlr
675206_4,AutumnGE,team_b,Chamber,13112,1899,523,17825981.0,0.0,0.0,6.904686677198526,vlr
675206_4,PatMenGE,team_b,Viper,1596,20119,642,193211174.0,0.0,0.0,0.0793279984094637,vlr
675206_4,UdoTanGE,team_b,Neon,954,21129,642,136127148.0,0.0,0.0,0.045151213971319,vlr
675206_5,IvyNS,,Cypher,17512,13103,523,185136235.0,0.0,0.0,1.3364878272151417,vlr
675206_5,FrancisNS,,Sova,1798,19118,14311,234219250.0,0.0,0.0,0.0940474945077937,vlr
675206_5,DambiNS,,Neon,21615,19127,523,240165316.0,0.0,0.0,1.13007790035029,vlr
675206_5,XrossNS,,Phoenix,14410,18126,1385,185132240.0,0.0,0.0,0.7949906212071058,vlr
675206_5,RbNS,,Omen,1486,19118,835,147174121.0,0.0,0.0,0.0777277957945391,vlr
675206_5,UdoTanGE,team_b,Jett,21138,1688,422,232307159.0,0.0,0.0,12.522511848341232,vlr
675206_5,PatMenGE,team_b,Omen,20515,17107,1248,253144362.0,0.0,0.0,1.199216694920208,vlr
675206_5,Kr1stalGE,team_b,Vyse,17413,16124,624,202104301.0,0.0,0.0,1.0799429421979658,vlr
675206_5,AutumnGE,team_b,Phoenix,17215,18117,936,20986333.0,0.0,0.0,0.9502125075895568,vlr
675206_5,xavi8kGE,team_b,Sova,1385,16106,505,160190131.0,0.0,0.0,0.0859927977151372,vlr
675207_0,CrwsFS,,Viper,1798,1789,817,215214216.0,0.0,0.0,1.0050307434320849,vlr
675207_0,LeviathanFS,,Omen,16214,1688,945,19752355.0,0.0,0.0,9.605450236966824,vlr
675207_0,KilluaFS,,Skye,1688,211110,1064,206197216.0,0.0,0.0,0.0079958315570081,vlr
675207_0,primmieFS,,Jett,16106,19109,312,182223138.0,0.0,0.0,0.8428489193573708,vlr
675207_0,JitBoySFS,,Raze,1293,19910,624,181226132.0,0.0,0.0,0.0649422400803616,vlr
675207_0,yongKRX,team_b,Viper,221210,1569,826,286298275.0,0.0,0.0,140.9878903760357,vlr
675207_0,free1ngKRX,team_b,Sage,18810,1284,981,204187220.0,0.0,0.0,14.649532710280374,vlr
675207_0,BeYNKRX,team_b,Fade,20713,1587,330,227174275.0,0.0,0.0,13.05166981726528,vlr
675207_0,MaKoKRX,team_b,Omen,17134,1789,1275,203310105.0,0.0,0.0,9.577417551704864,vlr
675207_0,HYUNMINKRX,team_b,Raze,1569,1899,532,198171223.0,0.0,0.0,0.8262243285939969,vlr
675207_2,JitBoySFS,,Phoenix,23149,1477,624,282323237.0,0.0,0.0,15.67298578199052,vlr
675207_2,CrwsFS,,Omen,18108,1697,1147,226241212.0,0.0,0.0,10.67059516794343,vlr
675207_2,KilluaFS,,Fade,1349,1165,101,17899266.0,0.0,0.0,1.1579399141630902,vlr
675207_2,primmieFS,,Jett,19811,1587,110,218161281.0,0.0,0.0,12.483301827347196,vlr
675207_2,LeviathanFS,,Chamber,1174,1798,0,12715796.0,0.0,0.0,0.6529477196885428,vlr
675207_2,free1ngKRX,team_b,Killjoy,19109,1789,321,249254244.0,0.0,0.0,10.681386249301283,vlr
675207_2,HYUNMINKRX,team_b,Jett,18117,19910,110,244294199.0,0.0,0.0,0.9099447513812154,vlr
675207_2,BeYNKRX,team_b,Sova,1459,1477,431,173136208.0,0.0,0.0,0.987813134732566,vlr
675207_2,yongKRX,team_b,Viper,1028,1688,13103,176119229.0,0.0,0.0,0.6090047393364929,vlr
675207_2,MaKoKRX,team_b,Omen,1266,1899,734,146148145.0,0.0,0.0,0.6666666666666666,vlr
675207_3,CrwsFS,,Viper,1028,1239,312,197190199.0,0.0,0.0,0.8297013720742534,vlr
675207_3,JitBoySFS,,Neon,1239,14311,101,215237210.0,0.0,0.0,0.0865767591363287,vlr
675207_3,primmieFS,,Jett,918,13310,312,178103197.0,0.0,0.0,0.0689706987227648,vlr
675207_3,LeviathanFS,,Omen,725,13310,312,149218133.0,0.0,0.0,0.0544703230653643,vlr
675207_3,KilluaFS,,Sova,422,1138,633,9320666.0,0.0,0.0,0.3708260105448154,vlr
675207_3,BeYNKRX,team_b,KAY/O,15123,853,761,281285267.0,0.0,0.0,17.729191090269637,vlr
675207_3,MaKoKRX,team_b,Viper,1165,651,651,190140390.0,0.0,0.0,1.7895545314900154,vlr
675207_3,HYUNMINKRX,team_b,Jett,15123,1091,110,254277161.0,0.0,0.0,13.861594867094407,vlr
675207_3,yongKRX,team_b,Harbor,13103,972,743,232212315.0,0.0,0.0,13.48045267489712,vlr
675207_3,free1ngKRX,team_b,Sova,981,963,532,160168132.0,0.0,0.0,1.0186915887850467,vlr
675208_0,iZuT1,,Sova,1798,1073,734,201222178.0,0.0,0.0,1.6756756756756757,vlr
675208_0,MeteorT1,,Killjoy,18117,1165,312,216240188.0,0.0,0.0,15.551072961373391,vlr
675208_0,BuZzT1,,Jett,23149,17107,734,310331286.0,0.0,0.0,1.3531887531419886,vlr
675208_0,staxT1,,KAY/O,1046,1477,1165,13591189.0,0.0,0.0,0.7081922816519973,vlr
675208_0,MunchkinT1,,Omen,1376,18108,17125,157163151.0,0.0,0.0,0.0759885133642589,vlr
675208_0,MeiyDFM,team_b,Jett,22913,1587,431,287269303.0,0.0,0.0,14.437933207309388,vlr
675208_0,SSeeSDFM,team_b,Omen,1697,1679,1349,213242189.0,0.0,0.0,1.0107206670637283,vlr
675208_0,CaedyeDFM,team_b,Cypher,1349,1569,312,164121201.0,0.0,0.0,0.8597833014659019,vlr
675208_0,AkameDFM,team_b,Neon,1358,18810,101,169135199.0,0.0,0.0,0.0721956406166932,vlr
675208_0,yatsukaDFM,team_b,Sova,633,17710,1037,111117106.0,0.0,0.0,0.035742518351214,vlr
675208_2,MunchkinT1,,Omen,211011,19910,761,229214245.0,0.0,0.0,10.59824208940231,vlr
675208_2,iZuT1,,Jett,19118,17710,422,218259177.0,0.0,0.0,1.079503105590062,vlr
675208_2,MeteorT1,,Viper,1688,19910,743,199173226.0,0.0,0.0,0.0847815168257157,vlr
675208_2,BuZzT1,,Raze,17116,19109,413,211276148.0,0.0,0.0,0.8957035951645821,vlr
675208_2,staxT1,,Skye,1156,1578,871,131107156.0,0.0,0.0,0.7325728770595691,vlr
675208_2,MeiyDFM,team_b,Jett,231310,1486,110,247294201.0,0.0,0.0,155.65948855989234,vlr
675208_2,AkameDFM,team_b,Raze,20812,1789,624,255194316.0,0.0,0.0,11.633314700950253,vlr
675208_2,yatsukaDFM,team_b,Skye,18117,18810,19136,217255180.0,0.0,0.0,0.963157894736842,vlr
675208_2,SSeeSDFM,team_b,Omen,1596,1789,413,183213154.0,0.0,0.0,0.8921185019564002,vlr
675208_2,CaedyeDFM,team_b,Viper,1367,18711,835,172152193.0,0.0,0.0,0.0730586286141841,vlr
675208_3,iZuT1,,Chamber,19613,1073,110,233128375.0,0.0,0.0,18.27865796831314,vlr
675208_3,MunchkinT1,,Omen,1275,1073,1266,172176168.0,0.0,0.0,1.1882572227399817,vlr
675208_3,BuZzT1,,Neon,20119,1266,642,250262234.0,0.0,0.0,15.89178515007899,vlr
675208_3,MeteorT1,,Phoenix,20155,1688,202,270331190.0,0.0,0.0,11.940165876777252,vlr
675208_3,staxT1,,Sova,835,17116,936,153113209.0,0.0,0.0,0.0487847627950455,vlr
675208_3,CaedyeDFM,team_b,Cypher,22913,1578,514,299277316.0,0.0,0.0,14.520278833967048,vlr
675208_3,MeiyDFM,team_b,Jett,17413,17710,101,244119338.0,0.0,0.0,0.9832298136645964,vlr
675208_3,SSeeSDFM,team_b,Omen,1055,1578,945,176199161.0,0.0,0.0,0.6685678073510773,vlr
675208_3,AkameDFM,team_b,Neon,1165,1688,312,155193127.0,0.0,0.0,0.6901658767772512,vlr
675208_3,yatsukaDFM,team_b,Skye,523,1688,1248,9179101.0,0.0,0.0,0.3098341232227488,vlr
681009_0,Shr1mpAG,,Sova,23,7,7,334.0,0.0,0.0,3.2857142857142856,vlr
681009_0,K1raAG,,Phoenix,17,11,7,273.0,0.0,0.0,1.5454545454545454,vlr
681009_0,iamgrqAG,,Omen,11,6,13,166.0,0.0,0.0,1.8333333333333333,vlr
681009_0,YouzeAG,,Jett,12,11,1,165.0,0.0,0.0,1.0909090909090908,vlr
681009_0,BaiAG,,Cypher,11,8,3,163.0,0.0,0.0,1.375,vlr
681009_0,T1anDRG,team_b,Sova,15,15,5,267.0,0.0,0.0,1.0,vlr
681009_0,ShunDRG,team_b,Omen,8,13,5,137.0,0.0,0.0,0.6153846153846154,vlr
681009_0,YiMingGuNaiDRG,team_b,Neon,8,16,3,130.0,0.0,0.0,0.5,vlr
681009_0,FlowerDRG,team_b,Killjoy,6,15,1,101.0,0.0,0.0,0.4,vlr
681009_0,VerseDRG,team_b,Viper,6,15,1,96.0,0.0,0.0,0.4,vlr
681009_2,K1raAG,,Phoenix,17,11,11,287.0,0.0,0.0,1.5454545454545454,vlr
681009_2,YouzeAG,,Jett,16,10,5,258.0,0.0,0.0,1.6,vlr
681009_2,iamgrqAG,,Astra,19,8,7,257.0,0.0,0.0,2.375,vlr
681009_2,BaiAG,,Killjoy,10,10,9,177.0,0.0,0.0,1.0,vlr
681009_2,Shr1mpAG,,Fade,7,12,10,108.0,0.0,0.0,0.5833333333333334,vlr
681009_2,VerseDRG,team_b,Phoenix,13,14,5,211.0,0.0,0.0,0.9285714285714286,vlr
681009_2,FlowerDRG,team_b,Killjoy,11,11,0,177.0,0.0,0.0,1.0,vlr
681009_2,ShunDRG,team_b,Astra,10,14,1,161.0,0.0,0.0,0.7142857142857143,vlr
681009_2,T1anDRG,team_b,Fade,9,14,6,159.0,0.0,0.0,0.6428571428571429,vlr
681009_2,YiMingGuNaiDRG,team_b,Jett,8,16,2,152.0,0.0,0.0,0.5,vlr
681010_0,Ben1LeyFPX,,Brimstone,24,14,9,286.0,0.0,0.0,1.7142857142857142,vlr
681010_0,SetrodFPX,,Phoenix,18,15,3,235.0,0.0,0.0,1.2,vlr
681010_0,ZhubibiFPX,,Jett,13,14,6,176.0,0.0,0.0,0.9285714285714286,vlr
681010_0,AAAAYFPX,,Vyse,15,16,2,172.0,0.0,0.0,0.9375,vlr
681010_0,jowaWOL,team_b,Raze,15,21,6,207.0,0.0,0.0,0.7142857142857143,vlr
681010_0,yosemiteWOL,team_b,Cypher,16,16,3,205.0,0.0,0.0,1.0,vlr
681010_0,SiuFatBBWOL,team_b,Skye,15,15,9,171.0,0.0,0.0,1.0,vlr
681010_0,SpringWOL,team_b,Brimstone,9,18,6,149.0,0.0,0.0,0.5,vlr
681010_2,AAAAYFPX,,Viper,25,18,4,263.0,0.0,0.0,1.3888888888888888,vlr
681010_2,ZhubibiFPX,,Neon,25,19,3,250.0,0.0,0.0,1.3157894736842106,vlr
681010_2,KovaQFPX,,Fade,19,18,6,184.0,0.0,0.0,1.0555555555555556,vlr
681010_2,Ben1LeyFPX,,Omen,20,16,11,182.0,0.0,0.0,1.25,vlr
681010_2,SetrodFPX,,Phoenix,16,18,3,164.0,0.0,0.0,0.8888888888888888,vlr
681010_2,glacierWOL,team_b,Raze,26,21,1,271.0,0.0,0.0,1.238095238095238,vlr
681010_2,SpringWOL,team_b,Viper,17,22,10,194.0,0.0,0.0,0.7727272727272727,vlr
681010_2,yosemiteWOL,team_b,Vyse,15,22,3,166.0,0.0,0.0,0.6818181818181818,vlr
681010_2,SiuFatBBWOL,team_b,Deadlock,15,20,3,156.0,0.0,0.0,0.75,vlr
681010_2,jowaWOL,team_b,Omen,16,20,9,153.0,0.0,0.0,0.8,vlr
681011_0,LuoK1ngTE,,Omen,23,21,15,276.0,0.0,0.0,1.0952380952380951,vlr
681011_0,FengFTE,,Raze,20,24,3,223.0,0.0,0.0,0.8333333333333334,vlr
681011_0,FkeyTE,,Jett,18,21,4,187.0,0.0,0.0,0.8571428571428571,vlr
681011_0,XleleTE,,Fade,17,18,8,182.0,0.0,0.0,0.9444444444444444,vlr
681011_0,deLbTE,,Vyse,15,17,4,155.0,0.0,0.0,0.8823529411764706,vlr
681011_0,JuicyAQ,team_b,Raze,30,18,7,326.0,0.0,0.0,1.6666666666666667,vlr
681011_0,5CMAQ,team_b,Jett,21,20,7,246.0,0.0,0.0,1.05,vlr
681011_0,DannyyAQ,team_b,Vyse,21,18,3,207.0,0.0,0.0,1.1666666666666667,vlr
681011_0,FFsAQ,team_b,Fade,17,19,10,176.0,0.0,0.0,0.8947368421052632,vlr
681011_0,S1MonAQ,team_b,Omen,12,18,14,119.0,0.0,0.0,0.6666666666666666,vlr
681011_2,FkeyTE,,Jett,18,12,5,252.0,0.0,0.0,1.5,vlr
681011_2,deLbTE,,Vyse,19,9,5,250.0,0.0,0.0,2.111111111111111,vlr
681011_2,FengFTE,,Fade,13,9,8,203.0,0.0,0.0,1.4444444444444444,vlr
681011_2,XleleTE,,Phoenix,12,16,6,201.0,0.0,0.0,0.75,vlr
681011_2,LuoK1ngTE,,Astra,12,12,9,179.0,0.0,0.0,1.0,vlr
681011_2,DannyyAQ,team_b,Killjoy,21,16,1,301.0,0.0,0.0,1.3125,vlr
681011_2,FFsAQ,team_b,Fade,11,15,6,172.0,0.0,0.0,0.7333333333333333,vlr
681011_2,JuicyAQ,team_b,Phoenix,8,16,12,159.0,0.0,0.0,0.5,vlr
681011_2,5CMAQ,team_b,Jett,9,15,3,150.0,0.0,0.0,0.6,vlr
681011_2,S1MonAQ,team_b,Astra,9,12,5,139.0,0.0,0.0,0.75,vlr
681012_0,CocoTEC,,Viper,20,6,10,304.0,0.0,0.0,3.333333333333333,vlr
681012_0,lucasTEC,,Fade,17,9,6,270.0,0.0,0.0,1.8888888888888888,vlr
681012_0,HaodongTEC,,Omen,16,12,7,245.0,0.0,0.0,1.3333333333333333,vlr
681012_0,SpitfiresTEC,,Chamber,11,12,2,164.0,0.0,0.0,0.9166666666666666,vlr
681012_0,DynamiteTEC,,Neon,8,10,2,136.0,0.0,0.0,0.8,vlr
681012_0,SatoshiWBG,team_b,Raze,12,14,0,176.0,0.0,0.0,0.8571428571428571,vlr
681012_0,mindfreakWBG,team_b,Omen,11,14,6,172.0,0.0,0.0,0.7857142857142857,vlr
681012_0,heybayWBG,team_b,Vyse,9,14,5,145.0,0.0,0.0,0.6428571428571429,vlr
681012_0,YoyoWBG,team_b,Fade,8,15,3,132.0,0.0,0.0,0.5333333333333333,vlr
681012_2,HaodongTEC,,Astra,18,14,8,263.0,0.0,0.0,1.2857142857142858,vlr
681012_2,CocoTEC,,Killjoy,13,14,7,222.0,0.0,0.0,0.9285714285714286,vlr
681012_2,lucasTEC,,Fade,15,14,3,218.0,0.0,0.0,1.0714285714285714,vlr
681012_2,SpitfiresTEC,,Jett,9,16,1,114.0,0.0,0.0,0.5625,vlr
681012_2,DynamiteTEC,,Phoenix,6,15,7,109.0,0.0,0.0,0.4,vlr
681012_2,SatoshiWBG,team_b,Neon,17,15,4,256.0,0.0,0.0,1.1333333333333333,vlr
681012_2,mindfreakWBG,team_b,Astra,16,11,8,224.0,0.0,0.0,1.4545454545454546,vlr
681012_2,heybayWBG,team_b,Killjoy,15,10,5,208.0,0.0,0.0,1.5,vlr
681012_2,YoyoWBG,team_b,Fade,11,12,6,173.0,0.0,0.0,0.9166666666666666,vlr
681012_3,DynamiteTEC,,Phoenix,20,10,6,262.0,0.0,0.0,2.0,vlr
681012_3,CocoTEC,,Brimstone,22,13,7,259.0,0.0,0.0,1.6923076923076923,vlr
681012_3,lucasTEC,,Fade,11,14,7,171.0,0.0,0.0,0.7857142857142857,vlr
681012_3,HaodongTEC,,Cypher,11,13,5,152.0,0.0,0.0,0.8461538461538461,vlr
681012_3,mindfreakWBG,team_b,Brimstone,16,15,10,217.0,0.0,0.0,1.0666666666666669,vlr
681012_3,SatoshiWBG,team_b,Cypher,9,17,0,139.0,0.0,0.0,0.5294117647058824,vlr
681012_3,heybayWBG,team_b,Breach,7,16,11,132.0,0.0,0.0,0.4375,vlr
681013_0,zheJDG,,Raze,22,23,4,221.0,0.0,0.0,0.9565217391304348,vlr
681013_0,YuicawJDG,,Cypher,20,22,5,189.0,0.0,0.0,0.9090909090909092,vlr
681013_0,jkuroJDG,,Brimstone,19,22,22,188.0,0.0,0.0,0.8636363636363636,vlr
681013_0,coconutJDG,,Skye,18,19,15,179.0,0.0,0.0,0.9473684210526316,vlr
681013_0,xiaoyuXLG,team_b,Skye,23,20,11,229.0,0.0,0.0,1.15,vlr
681013_0,RivalXLG,team_b,Brimstone,23,21,23,227.0,0.0,0.0,1.0952380952380951,vlr
681013_0,sanyeXLG,team_b,Neon,22,24,6,226.0,0.0,0.0,0.9166666666666666,vlr
681013_0,SharksXLG,team_b,Chamber,15,22,8,165.0,0.0,0.0,0.6818181818181818,vlr
681013_0,JyyXLG,team_b,Cypher,15,22,8,165.0,0.0,0.0,0.6818181818181818,vlr
681013_2,jkuroJDG,,Omen,23,15,9,251.0,0.0,0.0,1.5333333333333334,vlr
681013_2,zheJDG,,Viper,23,12,8,235.0,0.0,0.0,1.9166666666666667,vlr
681013_2,coconutJDG,,Fade,21,15,3,223.0,0.0,0.0,1.4,vlr
681013_2,crownfisherJDG,,Raze,13,19,10,175.0,0.0,0.0,0.6842105263157895,vlr
681013_2,YuicawJDG,,Killjoy,10,15,10,150.0,0.0,0.0,0.6666666666666666,vlr
681013_2,SharksXLG,team_b,Raze,21,13,3,242.0,0.0,0.0,1.6153846153846154,vlr
681013_2,JyyXLG,team_b,Fade,15,18,7,182.0,0.0,0.0,0.8333333333333334,vlr
681013_2,RivalXLG,team_b,Omen,16,19,4,174.0,0.0,0.0,0.8421052631578947,vlr
681013_3,jkuroJDG,,Astra,21,11,11,312.0,0.0,0.0,1.9090909090909087,vlr
681013_3,YuicawJDG,,Killjoy,20,12,3,288.0,0.0,0.0,1.6666666666666667,vlr
681013_3,zheJDG,,Phoenix,14,11,11,230.0,0.0,0.0,1.2727272727272727,vlr
681013_3,coconutJDG,,Fade,14,9,3,205.0,0.0,0.0,1.5555555555555556,vlr
681013_3,crownfisherJDG,,Jett,11,9,3,175.0,0.0,0.0,1.2222222222222223,vlr
681013_3,SharksXLG,team_b,Phoenix,17,15,4,286.0,0.0,0.0,1.1333333333333333,vlr
681013_3,JyyXLG,team_b,Fade,10,15,4,182.0,0.0,0.0,0.6666666666666666,vlr
681013_3,RivalXLG,team_b,Astra,10,17,5,170.0,0.0,0.0,0.5882352941176471,vlr
681013_3,xiaoyuXLG,team_b,Killjoy,8,17,1,126.0,0.0,0.0,0.4705882352941176,vlr
681013_3,sanyeXLG,team_b,Neon,7,16,4,119.0,0.0,0.0,0.4375,vlr
681014_0,GuanGNOVA,,Killjoy,28,15,1,317.0,0.0,0.0,1.8666666666666667,vlr
681014_0,swagzorNOVA,,Jett,21,20,2,249.0,0.0,0.0,1.05,vlr
681014_0,EzeirNOVA,,Omen,11,18,7,137.0,0.0,0.0,0.6111111111111112,vlr
681014_0,GREENNOVA,,Phoenix,12,16,4,133.0,0.0,0.0,0.75,vlr
681014_0,qiutiaNNOVA,,Sova,9,15,6,131.0,0.0,0.0,0.6,vlr
681014_0,coldfishKBG,team_b,Jett,23,16,4,279.0,0.0,0.0,1.4375,vlr
681014_0,Krst1NgKBG,team_b,Vyse,18,14,9,211.0,0.0,0.0,1.2857142857142858,vlr
681014_0,YingKBG,team_b,Sova,17,15,8,202.0,0.0,0.0,1.1333333333333333,vlr
681014_0,sibeastw0wKBG,team_b,Phoenix,16,19,3,173.0,0.0,0.0,0.8421052631578947,vlr
681014_0,TonkKBG,team_b,Omen,10,17,7,135.0,0.0,0.0,0.5882352941176471,vlr
681014_2,swagzorNOVA,,Raze,20,12,4,301.0,0.0,0.0,1.6666666666666667,vlr
681014_2,EzeirNOVA,,Astra,16,9,3,237.0,0.0,0.0,1.7777777777777777,vlr
681014_2,qiutiaNNOVA,,Deadlock,13,13,4,191.0,0.0,0.0,1.0,vlr
681014_2,GuanGNOVA,,Viper,14,10,6,190.0,0.0,0.0,1.4,vlr
681014_2,GREENNOVA,,Skye,8,10,6,145.0,0.0,0.0,0.8,vlr
681014_2,TonkKBG,team_b,Viper,13,14,3,195.0,0.0,0.0,0.9285714285714286,vlr
681014_2,sibeastw0wKBG,team_b,Yoru,9,16,2,159.0,0.0,0.0,0.5625,vlr
681014_2,Krst1NgKBG,team_b,Omen,9,13,4,128.0,0.0,0.0,0.6923076923076923,vlr
681014_3,swagzorNOVA,,Raze,25,12,6,379.0,0.0,0.0,2.083333333333333,vlr
681014_3,EzeirNOVA,,Brimstone,15,12,12,236.0,0.0,0.0,1.25,vlr
681014_3,qiutiaNNOVA,,Breach,16,10,10,232.0,0.0,0.0,1.6,vlr
681014_3,GREENNOVA,,Neon,13,11,6,179.0,0.0,0.0,1.181818181818182,vlr
681014_3,GuanGNOVA,,Cypher,12,11,8,168.0,0.0,0.0,1.0909090909090908,vlr
681014_3,sibeastw0wKBG,team_b,Raze,15,16,2,234.0,0.0,0.0,0.9375,vlr
681014_3,YingKBG,team_b,Phoenix,14,14,7,219.0,0.0,0.0,1.0,vlr
681014_3,Krst1NgKBG,team_b,Brimstone,12,17,5,168.0,0.0,0.0,0.7058823529411765,vlr
681014_3,TonkKBG,team_b,Cypher,10,16,1,160.0,0.0,0.0,0.625,vlr
681014_3,coldfishKBG,team_b,Fade,5,18,4,62.0,0.0,0.0,0.2777777777777778,vlr
681015_0,splashTYL,,Jett,23,10,2,412.0,0.0,0.0,2.3,vlr
681015_0,slowlyTYL,,Sova,13,6,7,239.0,0.0,0.0,2.1666666666666665,vlr
681015_0,xiheTYL,,KAY/O,11,9,16,237.0,0.0,0.0,1.2222222222222223,vlr
681015_0,ErvTYL,,Omen,9,7,10,163.0,0.0,0.0,1.2857142857142858,vlr
681015_0,ScalesTYL,,Cypher,11,8,3,159.0,0.0,0.0,1.375,vlr
681015_0,YangEDG,team_b,Cypher,10,13,3,215.0,0.0,0.0,0.7692307692307693,vlr
681015_0,MOONLIGHT1EDG,team_b,Phoenix,8,13,5,178.0,0.0,0.0,0.6153846153846154,vlr
681015_0,JIAEEDG,team_b,Sova,7,14,5,172.0,0.0,0.0,0.5,vlr
681015_0,Z1hEDG,team_b,Omen,8,13,4,127.0,0.0,0.0,0.6153846153846154,vlr
681015_2,splashTYL,,Jett,20,9,3,334.0,0.0,0.0,2.2222222222222223,vlr
681015_2,xiheTYL,,Breach,16,11,14,251.0,0.0,0.0,1.4545454545454546,vlr
681015_2,slowlyTYL,,Sova,16,6,6,244.0,0.0,0.0,2.6666666666666665,vlr
681015_2,ScalesTYL,,Cypher,11,10,6,194.0,0.0,0.0,1.1,vlr
681015_2,ErvTYL,,Omen,7,10,14,146.0,0.0,0.0,0.7,vlr
681015_2,MOONLIGHT1EDG,team_b,Jett,11,13,0,196.0,0.0,0.0,0.8461538461538461,vlr
681015_2,Z1hEDG,team_b,Omen,12,15,3,180.0,0.0,0.0,0.8,vlr
681015_2,KnyzlEDG,team_b,Phoenix,9,15,5,163.0,0.0,0.0,0.6,vlr
681015_2,YangEDG,team_b,Cypher,9,13,3,139.0,0.0,0.0,0.6923076923076923,vlr
681015_2,JIAEEDG,team_b,Fade,5,14,1,78.0,0.0,0.0,0.3571428571428571,vlr
681016_0,yilaiBLG,,Jett,25,19,6,283.0,0.0,0.0,1.3157894736842106,vlr
681016_0,KnightBLG,,Sova,22,22,4,234.0,0.0,0.0,1.0,vlr
681016_0,budBLG,,Harbor,18,17,10,205.0,0.0,0.0,1.0588235294117647,vlr
681016_0,nephhBLG,,KAY/O,15,17,13,177.0,0.0,0.0,0.8823529411764706,vlr
681016_0,rushiaBLG,,Viper,17,17,5,160.0,0.0,0.0,1.0,vlr
681016_0,waituuUR,team_b,Astra,21,21,10,236.0,0.0,0.0,1.0,vlr
681016_0,MarT1nUR,team_b,Viper,18,20,7,204.0,0.0,0.0,0.9,vlr
681016_0,QiuYeUR,team_b,Sova,16,16,9,160.0,0.0,0.0,1.0,vlr
681016_0,XIIUR,team_b,Jett,13,21,6,144.0,0.0,0.0,0.6190476190476191,vlr
681016_2,KnightBLG,,Fade,24,13,8,278.0,0.0,0.0,1.8461538461538465,vlr
681016_2,nephhBLG,,Astra,14,12,17,202.0,0.0,0.0,1.1666666666666667,vlr
681016_2,rushiaBLG,,Killjoy,19,12,1,201.0,0.0,0.0,1.5833333333333333,vlr
681016_2,yilaiBLG,,Phoenix,9,19,12,152.0,0.0,0.0,0.4736842105263157,vlr
681016_2,budBLG,,Jett,13,17,2,151.0,0.0,0.0,0.7647058823529411,vlr
681016_2,waituuUR,team_b,Astra,18,16,6,228.0,0.0,0.0,1.125,vlr
681016_2,QiuYeUR,team_b,Skye,16,15,13,207.0,0.0,0.0,1.0666666666666669,vlr
681016_2,MarT1nUR,team_b,Cypher,15,13,7,198.0,0.0,0.0,1.1538461538461535,vlr
681016_2,NinebodyUR,team_b,Jett,15,18,2,189.0,0.0,0.0,0.8333333333333334,vlr
